Canon imageCLASS 2200 Advanced Copier,25199.9279785156
Fellowes PB500 Electric Punch Plastic Comb Binding Machine with Manual Bind,7753.0390625
Hewlett Packard LaserJet 3310 Copier,6983.88354492188
Canon PC1060 Personal Laser Copier,4570.93466186523
"HP Designjet T520 Inkjet Large Format Printer - 24"" Color",4094.9765625
Ativa V4110MDD Micro-Cut Shredder,3772.94616699219
"3D Systems Cube Printer, 2nd Generation, Magenta",3717.97131347656
Plantronics Savi W720 Multi-Device Wireless Headset System,3696.28201293945
Ibico EPK-21 Electric Binding System,3345.2822265625
Zebra ZM400 Thermal Label Printer,3343.53588867188
Honeywell Enviracaire Portable HEPA Air Cleaner for 17' x 22' Room,3247.02001953125
Hewlett Packard 610 Color Digital Copier / Printer,3124.93746185303
Plantronics CS510 - Over-the-Head monaural Wireless Headset System,3085.0325088501
Canon Imageclass D680 Copier / Fax,2799.95999908447
Fellowes PB300 Plastic Comb Binding Machine,2518.05506896973
Ibico Ibimaster 300 Manual Binding System,2318.33700561523
Logitech Z-906 Speaker sys - home theater - 5.1-CH,2243.93197631836
GBC DocuBind TL300 Electric Binding System,2233.50512695313
Razer Tiamat Over Ear 7.1 Surround Sound PC Gaming Headset,2155.89218902588
Canon PC940 Copier,2092.45343780518
Sharp AL-1530CS Digital Copier,2064.95867919922
"Hot File 7-Pocket, Floor Stand",2016.71098327637
Canon imageCLASS MF7460 Monochrome Digital Laser Multifunction Copier,1995.98999023438
Canon PC1080F Personal Copier,1973.96704101563
Adjustable Depth Letter/Legal Cart,1932.54899215698
"Hon Deluxe Fabric Upholstered Stacking Chairs, Rounded Back",1927.44200515747
Samsung Galaxy Mega 6.3,1822.75656509399
Canon Image Class D660 Copier,1691.97186279297
Hewlett-Packard Desktjet 6988DT Refurbished Printer,1668.20495605469
"Sanyo Counter Height Refrigerator with Crisper, 3.6 Cubic Foot, Stainless Steel/Black",1653.82562255859
Sharp 1540cs Digital Laser Copier,1649.96995544434
Logitech P710e Mobile Speakerphone,1645.36109137535
"Dual Level, Single-Width Filing Carts",1640.53479385376
Apple iPhone 5,1611.5783996582
GBC DocuBind TL200 Manual Binding Machine,1592.49775314331
Tennsco 6- and 18-Compartment Lockers,1575.10980033875
Global Deluxe High-Back Manager's Chair,1558.59099674225
Hon Pagoda Stacking Chairs,1540.70398712158
"Dot Matrix Printer Tape Reel Labels, White, 5000/Box",1517.90641021729
Honeywell Enviracaire Portable HEPA Air Cleaner for 16' x 20' Room,1503.52017211914
Canon PC-428 Personal Copier,1469.92649078369
Hewlett-Packard Deskjet 3050a All-in-One Color Inkjet Printer,1459.19995117188
Logitech diNovo Edge Keyboard,1432.44271469116
Hon 4070 Series Pagoda Armless Upholstered Stacking Chairs,1388.63480854034
"Iceberg Mobile Mega Data/Printer Cart ",1388.60820388794
Deluxe Rollaway Locking File with Drawer,1380.72160339355
Bady BDG101FRU Card Printer,1327.98336791992
Office Star - Professional Matrix Back Chair with 2-to-1 Synchro Tilt and Mesh Fabric Seat,1305.64558410645
Hon Olson Stacker Chairs,1292.12640380859
Xerox 1915,1262.39395904541
Standard Rollaway File with Lock,1261.32999801636
"GE 48"" Fluorescent Tube, Cool White Energy Saver, 34 Watts, 30/Box",1260.22101783752
Letter Size Cart,1252.88221073151
Hon GuestStacker Chair,1233.08478164673
Maxell iVDR EX 500GB Cartridge,1184.82202148438
SAFCO Arco Folding Chair,1179.37400341034
Panasonic KX-TG9471B,1168.10039138794
Brother DCP1000 Digital 3 in 1 Multifunction Machine,1154.9614944458
Panasonic KX-TG9541B DECT 6.0 Digital 2-Line Expandable Cordless Phone With Digital Answering System,1147.42347717285
Tennsco 16-Compartment Lockers with Coat Rack,1114.37084197998
Smead Adjustable Mobile File Trolley with Lockable Top,1106.66159820557
Samsung Galaxy S4 Mini,1104.47651672363
Easy-staple paper,1096.02920770645
Fellowes Powershred HS-440 4-Sheet High Security Shredder,1092.67949676514
Ibico EB-19 Dual Function Manual Binding System,1086.37722015381
ClearOne CHATAttach 160 - speaker phone,1053.98297119141
Hon 4070 Series Pagoda Round Back Stacking Chairs,1052.81439113617
GBC DocuBind 200 Manual Binding Machine,1052.44998168945
Wilson SignalBoost 841262 DB PRO Amplifier Kit,1043.85497283936
Samsung Galaxy S4 Active,1039.9792175293
Razer Kraken 7.1 Surround Sound Over Ear USB Gaming Headset,995.900394439697
"Lifetime Advantage Folding Chairs, 4/Carton",972.63680267334
Bose SoundLink Bluetooth Speaker,967.139984130859
Sanyo 2.5 Cubic Foot Mid-Size Office Refrigerators,956.950172424316
Global Troy Executive Leather Low-Back Tilter,951.861991882324
Nortel Meridian M3904 Professional Digital phone,936.259216308594
Global Commerce Series High-Back Swivel/Tilt Chairs,926.185022354126
Cisco SPA301,904.742033958435
Polycom VVX 310 VoIP phone,899.950004577637
Polycom CX600 IP Phone VoIP phone,896.85054397583
Logitech G700s Rechargeable Gaming Mouse,889.910989761353
Imation Bio 2GB USB Flash Drive Imation Corp,881.529602050781
Okidata MB760 Printer,881.370025634766
Jawbone JAMBOX Wireless Bluetooth Speaker,872.104766845703
Safco Contoured Stacking Chairs,870.159986495972
"Global Leather and Oak Executive Chair, Black",854.783203125
Multicolor Computer Printout Paper,851.381965637207
Hewlett Packard 310 Color Digital Copier,839.971992492676
GE 30524EE4,838.837184906006
Hon Olson Stacker Stools,833.59520149231
Hon 4700 Series Mobuis Mid-Back Task Chairs with Adjustable Arms,832.993175983429
Hon Multipurpose Stacking Arm Chairs,814.416023254395
Xerox 1908,799.394407272339
Global Ergonomic Managers Chair,785.453182220459
Mitel MiVoice 5330e IP Phone,780.97159576416
"Atlantic Metals Mobile 3-Shelf Bookcases, Custom Colors",780.330215454102
GuestStacker Chair with Chrome Finish Legs,773.260789871216
Logitech Wireless Gaming Headset G930,763.152305603027
GBC Ibimaster 500 Manual ProClick Binding System,760.980194091797
Xerox 1945,756.265504837036
Plantronics S12 Corded Telephone Headset System,754.53003692627
Staple envelope,751.628994941711
Global Executive Mid-Back Manager's Chair,750.72838973999
Xerox 189,746.53197479248
Wireless Extenders zBoost YX545 SOHO Signal Booster,733.281202316284
Xerox 1919,729.621997833252
Logitech G19 Programmable Gaming Keyboard,729.061202526093
NETGEAR AC1750 Dual Band Gigabit Smart WiFi Router,723.154808044434
Enermax Aurora Lite Keyboard,722.105979919434
Logitech Wireless Headset h800,719.92798614502
Hoover Shoulder Vac Commercial Portable Vacuum,715.640016555786
Google Nexus 5,710.96049118042
Xerox 1941,704.591985702515
Global Leather Executive Chair,701.97998046875
Logitech G35 7.1-Channel Surround Sound Headset,699.346206665039
Hoover WindTunnel Plus Canister Vacuum,697.440010070801
Global Comet Stacking Arm Chair,697.14151763916
Economy Rollaway Files,693.839997291565
Fellowes PB200 Plastic Comb Binding Machine,693.559158325195
Logitech Gaming G510s - Keyboard,676.520387649536
Jabra SPEAK 410,654.170392036438
Cisco SPA525G2 5-Line IP Phone,648.562377929688
Microsoft Sculpt Comfort Mouse,634.405996322632
Cameo Buff Policy Envelopes,632.25679397583
Enermax Acrylux Wireless Keyboard,630.467994689941
"Electrix Architect's Clamp-On Swing Arm Lamp, Black",627.172210693359
NETGEAR N750 Dual Band Wi-Fi Gigabit Router,622.800008773804
Xerox 1893,619.358905792236
"SAFCO PlanMaster Heigh-Adjustable Drafting Table Base, 43w x 30d x 30-37h, Black",608.043007850647
"Ativa D5772 2-Line 5.8GHz Digital Expandable Corded/Cordless Phone System with Answering & Caller ID/Call Waiting, Black/Silver",593.963996887207
Xiaomi Mi3,592.789611816406
Plantronics Audio 995 Wireless Stereo Headset,587.132995605469
"1.7 Cubic Foot Compact ""Cube"" Office Refrigerators",578.684797286987
Pyle PMP37LED,576.899894714355
Aastra 57i VoIP phone,575.331592559814
Xerox 1917,574.692489624023
"Global Airflow Leather Mesh Back Chair, Black",573.723983764648
Digium D40 VoIP phone,571.425704956055
Tyvek Side-Opening Peel & Seel Expanding Envelopes,570.024002075195
"3M Polarizing Task Lamp with Clamp Arm, Light Gray",569.836791992188
GBC DocuBind P50 Personal Binding Machine,569.422004699707
O'Sullivan 2-Door Barrister Bookcase in Odessa Pine,566.467411994934
Kensington 7 Outlet MasterPiece HOMEOFFICE Power Control Center,563.816011428833
GBC ProClick Punch Binding System,562.384212493896
Ames Color-File Green Diamond Border X-ray Mailers,559.306793212891
Logitech Wireless Marathon Mouse M705,554.889007568359
Honeywell Quietcare HEPA Air Cleaner,549.763516426086
BlackBerry Q10,548.056495666504
White Computer Printout Paper by Universal,547.678791046143
Xerox 1891,542.900999069214
Hon Non-Folding Utility Tables,541.653991699219
Logitech G600 MMO Gaming Mouse,540.732391357422
Wi-Ex zBoost YX540 Cellular Phone Signal Booster,540.014986991882
Xerox 1888,539.26558303833
"24 Capacity Maxi Data Binder Racks, Pearl",536.902515411377
Logitech 910-002974 M325 Wireless Mouse for Web Scrolling,536.221193313599
Xerox 1934,526.212009429932
"Avery 4027 File Folder Labels for Dot Matrix Printers, 5000 Labels per Box, White",524.505409240723
Polycom SoundStation2 EX Conference phone,518.335990905762
Logitech Illuminated - Keyboard,515.913993835449
Wilson Electronics DB Pro Signal Booster,515.520002365112
Logitech G602 Wireless Gaming Mouse,515.135593414307
Plantronics Audio 478 Stereo USB Headset,514.897000312805
Airmail Envelopes,514.490901947021
Global Comet Stacking Armless Chair,514.36600112915
Apple iPhone 5S,512.990982055664
Fellowes Staxonsteel Drawer Files,509.968799591064
Zebra GX420t Direct Thermal/Thermal Transfer Printer,509.712020874023
Plantronics Calisto P620-M USB Wireless Speakerphone System,505.654191017151
"Global Fabric Manager's Chair, Dark Gray",499.851004600525
WD My Passport Ultra 2TB Portable External Hard Drive,499.799999237061
Hon Mobius Operator's Chair,499.339405059814
Logitech Wireless Performance Mouse MX for PC and Mac,497.9501953125
Xerox 1906,497.577592849731
GBC DocuBind 300 Electric Binding Machine,494.421211242676
"Global Manager's Adjustable Task Chair, Storm",493.704605102539
"Eaton Premium Continuous-Feed Paper, 25% Cotton, Letter Size, White, 1000 Shts/Box",492.6623878479
GBC DocuBind P100 Manual Binding Machine,489.641021728516
DMI Arturo Collection Mission-style Design Wood Chair,486.155586242676
"Fellowes Mobile File Cart, Black",485.003997802734
Aastra 6757i CT Wireless VoIP phone,482.585605621338
Razer Kraken PRO Over Ear PC and Music Headset,479.939997673035
VTech DS6151,478.761996269226
Avanti 1.7 Cu. Ft. Refrigerator,476.625610351563
AT&T CL83451 4-Handset Telephone,473.776985168457
Fellowes Super Stor/Drawer Files,473.341506958008
Motorola L703CM,467.970019340515
Cisco 9971 IP Video Phone Charcoal,466.400024414063
DYMO CardScan Personal V9 Business Card Scanner,463.970996856689
Xerox 1885,461.183990478516
Bretford CR8500 Series Meeting Room Furniture,461.127006530762
Hoover Upright Vacuum With Dirt Cup,460.352752685547
"Snap-A-Way Black Print Carbonless Ruled Speed Letter, Triplicate",453.762390136719
GBC Recycled Regency Composition Covers,451.936800003052
"Howard Miller 11-1/2"" Diameter Ridgewood Wall Clock",448.761600494385
Bevis 36 x 72 Conference Tables,448.16400718689
"Hunt PowerHouse Electric Pencil Sharpener, Blue",448.16400551796
Samsung Galaxy S4,438.192993164063
netTALK DUO VoIP Telephone Service,430.418006896973
"Hon Practical Foundations 30 x 60 Training Table, Light Gray/Charcoal",430.069491386414
Tennsco Double-Tier Lockers,429.788192749023
Logitech G500s Laser Gaming Mouse with Adjustable Weight Tuning,429.738605499268
Office Star - Contemporary Swivel Chair with Padded Adjustable Arms and Flex Back,425.759615421295
Toshiba IPT2010-SD IP Telephone,425.309404373169
Xerox 1914,423.741600036621
ShoreTel ShorePhone IP 230 VoIP phone,422.474998474121
"Tyvek Interoffice Envelopes, 9 1/2"" x 12 1/2"", 100/Box",421.981586456299
Fellowes High-Stak Drawer Files,419.332202911377
Vtech CS6719,418.516394615173
Honeywell Enviracaire Portable HEPA Air Cleaner for up to 10 x 16 Room,417.024398803711
"Recycled Data-Pak for Archival Bound Computer Printouts, 12-1/2 x 12-1/2 x 16",414.917987823486
Office Star Flex Back Scooter Chair with Aluminum Finish Frame,413.64900302887
GBC Therma-A-Bind 250T Electric Binding System,413.246398925781
LG G3,411.579013824463
Maxell 4.7GB DVD-R,411.226201057434
"Rush Hierlooms Collection 1"" Thick Stackable Bookcases",410.351987838745
Imation Secure+ Hardware Encrypted USB 2.0 Flash Drive; 16GB,408.744007110596
"White Dual Perf Computer Printout Paper, 2700 Sheets, 1 Part, Heavyweight, 20 lbs., 14 7/8 x 11",408.260398864746
Xerox 1988,404.289005279541
"Acco 7-Outlet Masterpiece Power Center, Wihtout Fax/Phone Line Protection",401.213975906372
Xerox 1909,400.975999832153
Imation Bio 8GB USB Flash Drive Imation Corp,398.975997924805
Nortel Networks T7316 E Nt8 B27,397.741487503052
Ativa MDM8000 8-Sheet Micro-Cut Shredder,393.256309509277
"Fellowes Strictly Business Drawer File, Letter/Legal Size",388.746002197266
Geemarc AmpliPOWER60,384.191996574402
Avanti 4.4 Cu. Ft. Refrigerator,383.677570343018
"Holmes Replacement Filter for HEPA Air Cleaner, Very Large Room, HEPA Filter",381.207389831543
Green Bar Computer Printout Paper,380.872798919678
Kensington 4 Outlet MasterPiece Compact Power Control Center,380.577598571777
Logitech G430 Surround Sound Gaming Headset with Dolby 7.1 Technology,377.552793502808
Plantronics Voyager Pro HD - Bluetooth Headset,376.942001342773
"Howard Miller 14-1/2"" Diameter Chrome Round Wall Clock",375.967205047607
Xerox 1913,375.044792175293
Harmony Air Purifier,374.219993591309
GBC Prestige Therm-A-Bind Covers,364.715303421021
"Hon Metal Bookcases, Putty",362.707796096802
Avaya IP Phone 1140E VoIP phone,362.68701171875
Luxo Adjustable Task Clamp Lamp,362.467206001282
Kensington Expert Mouse Optical USB Trackball for PC or Mac,360.961996078491
Star Micronics TSP800 TSP847IIU Receipt Printer,360.318008422852
Kensington Orbit Wireless Mobile Trackball for PC and Mac,357.540402412415
Xerox 191,354.245407104492
Global Adaptabilities Conference Tables,354.034802436829
Xerox 1883,354.019603729248
Luxo Professional Combination Clamp-On Lamps,345.774002075195
Office Star - Mid Back Dual function Ergonomic High Back Chair with 2-Way Adjustable Arms,342.887405395508
Xerox 1916,342.580006599426
Imation 16GB Mini TravelDrive USB 2.0 Flash Drive,342.564197540283
Motorola Droid Maxx,341.977210998535
"Howard Miller 13"" Diameter Pewter Finish Round Wall Clock",340.514198303223
AT&T TR1909W,340.173004150391
Polycom VoiceStation 500 Conference phone,339.19250869751
Harbour Creations Steel Folding Chair,336.375
GE 30522EE2,336.371002197266
Xerox 1960,334.584003448486
Satellite Sectional Post Binders,329.04780292511
Ibico Plastic Spiral Binding Combs,328.927996635437
Xerox 1943,328.675189971924
Konftel 250 Conference phone - Charcoal black,324.694793701172
Avaya 5420 Digital phone,323.976001739502
Tops White Computer Printout Paper,321.827793121338
SanDisk Cruzer 64 GB USB Flash Drive,319.61600112915
Deflect-o Glass Clear Studded Chair Mats,318.36159825325
HTC One Mini,317.494798660278
Ooma Telo VoIP Home Phone System,314.975004196167
Electrix Halogen Magnifier Lamp,314.765998840332
Xerox 1964,314.735202789307
Adtran 1202752G1,312.455203056335
"Bush Cubix Conference Tables, Fully Assembled",311.823001861572
"Advantus Employee of the Month Certificate Frame, 11 x 13-1/2",311.774397850037
Kensington 7 Outlet MasterPiece Power Center with Fax/Phone Line Protection,311.219993591309
Sauder Inglewood Library Bookcases,311.183595180511
Boston Heavy-Duty Trimline Electric Pencil Sharpeners,310.889989852905
"Strathmore #10 Envelopes, Ultimate White",309.93480682373
Xerox 1886,302.727994918823
Innergie mMini Combo Duo USB Travel Charging Kit,302.332794189453
Avery 485,300.344095230103
Cisco SPA 502G IP Phone,299.875003814697
"Blue String-Tie & Button Interoffice Envelopes, 10 x 13",299.849994659424
"Howard Miller 13"" Diameter Goldtone Round Wall Clock",294.313795089722
Staples,292.204599916935
"Eureka The Boss Lite 10-Amp Upright Vacuum, Blue",291.78239440918
Holmes Harmony HEPA Air Purifier for 17 x 20 Room,290.301605224609
Luxo Professional Fluorescent Magnifier Lamp with Clamp-Mount Base,289.579183578491
Dana Halogen Swing-Arm Architect Lamp,288.428793668747
"Mini 13-1/2 Capacity Data Binder Rack, Pearl",287.913990974426
Logitech Trackman Marble Mouse,286.704395294189
Xerox 1880,285.646404266357
Nokia Lumia 925,284.737403869629
Premium Transparent Presentation Covers by GBC,284.069202423096
"Global Push Button Manager's Chair, Indigo",283.747409105301
Hon Every-Day Series Multi-Task Chairs,281.970016479492
GBC VeloBinder Manual Binding System,280.721998214722
Memorex Mini Travel Drive 16 GB USB 2.0 Flash Drive,280.273494720459
Xerox 1911,279.735998153687
Xerox 1940,279.196807861328
Xerox 1942,278.958000183105
"Trav-L-File Heavy-Duty Shuttle II, Black",278.8480052948
"Advantus 10-Drawer Portable Organizer, Chrome Metal Frame, Smoke Drawers",277.286396026611
Polycom SoundPoint Pro SE-225 Corded phone,276.056797027588
Hypercom P1300 Pinpad,275.309999465942
"Tyvek  Top-Opening Peel & Seel  Envelopes, Gray",274.94100189209
ClearOne Communications CHAT 70 OC Speaker Phone,273.46279335022
Xerox 1882,273.182403564453
AT&T 1080 Phone,271.240205764771
Star Micronics TSP100 TSP143LAN Receipt Printer,269.308013916016
"Global Leather Highback Executive Chair with Pneumatic Height Adjustment, Black",267.303401947021
Executive Impressions Supervisor Wall Clock,266.072002410889
Ibico Recycled Linen-Style Covers,262.483201980591
"File Shuttle II and Handi-File, Black",260.953002929688
"Xerox Color Copier Paper, 11"" x 17"", Ream",260.832801818848
GBC Twin Loop Wire Binding Elements,259.58399772644
Jabra Supreme Plus Driver Edition Headset,259.178393363953
"SAFCO Mobile Desk Side File, Wire Frame",259.125606536865
Xerox 1944,257.366395950317
"Howard Miller 11-1/2"" Diameter Brentwood Wall Clock",256.192203521729
Sony Micro Vault Click 16 GB USB 2.0 Flash Drive,255.314406871796
Xerox 1991,254.894401073456
Harbour Creations 67200 Series Stacking Chairs,254.824397087097
Recycled Steel Personal File for Standard File Folders,254.33399772644
"Iceberg Nesting Folding Chair, 19w x 6d x 43h",253.839196205139
Nortel Meridian M5316 Digital phone,253.771018981934
Plantronics HL10 Handset Lifter,250.53840637207
"Howard Miller 13-1/2"" Diameter Rosebrook Wall Clock",247.571990966797
"Global Value Steno Chair, Gray",245.996994972229
Xerox 1951,244.741998672485
Deflect-o DuraMat Antistatic Studded Beveled Mat for Medium Pile Carpeting,244.388809204102
Avery 477,244.240005493164
Alphabetical Labels for Top Tab Filing,244.200000762939
Logitech Mobile Speakerphone P710e - speaker phone,241.614201545715
Eureka The Boss Cordless Rechargeable Stick Vac,241.135397434235
Xerox 1935,239.002807617188
Southworth 25% Cotton Premium Laser Paper and Envelopes,236.563199996948
Xerox 1910,236.356793403625
Xerox 1889,236.327995300293
Kensington 6 Outlet MasterPiece HOMEOFFICE Power Control Center,235.526390075684
Tuf-Vin Binders,234.323598861694
"Situations Contoured Folding Chairs, 4/Set",234.234004974365
Advantus Rolling Drawer Organizers,233.188803672791
Office Star - Ergonomic Mid Back Chair with 2-Way Adjustable Arms,231.654405593872
Apple iPhone 5C,229.97699546814
"Hon Metal Bookcases, Gray",229.975200653076
Samsung Rugby III,229.645204544067
Kensington 7 Outlet MasterPiece Power Center,229.594215393066
Global Deluxe Office Fabric Chairs,229.392198562622
Cisco IP Phone 7961G VoIP phone - Dark gray,228.39599609375
Memorex Mini Travel Drive 64 GB USB 2.0 Flash Drive,228.312002182007
"Tyvek  Top-Opening Peel & Seel Envelopes, Plain White",225.050402641296
"#10 White Business Envelopes,4 1/8 x 9 1/2",223.140801429749
"Sauder Facets Collection Locker/File Cabinet, Sky Alder Finish",222.587997436523
Plantronics Cordless Phone Headset with In-line Volume - M214C,219.835496902466
Lexmark 20R1285 X6650 Wireless All-in-One Printer,218.40000629425
PureGear Roll-On Screen Protector,218.290794372559
Xerox 1887,216.258002758026
"Wilson Jones Ledger-Size, Piano-Hinge Binder, 2"", Blue",215.554801940918
"TRENDnet 56K USB 2.0 Phone, Internet and Fax Modem",212.298004150391
Logitech MX Performance Wireless Mouse,211.815905570984
Mitel 5320 IP Phone VoIP phone,211.668800354004
Surelock Post Binders,210.864001274109
Bush Advantage Collection Round Conference Table,210.474000453949
Cisco SPA508G,207.868501186371
Xerox 1881,207.040796279907
Belkin 5 Outlet SurgeMaster Power Centers,207.024003505707
"Global Adaptabilites Bookcase, Cherry/Storm Gray Finish",206.870407104492
Boston 1645 Deluxe Heavier-Duty Electric Pencil Sharpener,206.266195297241
Eldon Mobile Mega Data Cart  Mega Stackable  Add-On Trays,205.754999160767
Xerox 1884,204.595199584961
Global Italian Leather Office Chair,204.328806877136
"Howard Miller 13-3/4"" Diameter Brushed Chrome Round Wall Clock",201.824995040894
Mophie Juice Pack Helium for iPhone,201.574792861938
Bionaire Personal Warm Mist Humidifier/Vaporizer,201.158103942871
Fellowes Bases and Tops For Staxonsteel/High-Stak Systems,201.071600675583
Xerox 1939,200.32320022583
Xerox 1937,199.846397399902
"Belkin 325VA UPS Surge Protector, 6'",199.617000579834
Home/Office Personal File Carts,198.131998062134
"Global Value Mid-Back Manager's Chair, Gray",197.892505168915
Eldon Portable Mobile Manager,197.394400596619
"Floodlight Indoor Halogen Bulbs, 1 Bulb per Pack, 60 Watts",197.103995084763
Imation Secure Drive + Hardware Encrypted USB flash drive - 16 GB,196.028404712677
Samsung HM1900 Bluetooth Headset,195.354999542236
Xerox 197,195.174003601074
Jackery Bar Premium Fast-charging Portable Charger,192.279003143311
Howard Miller Distant Time Traveler Alarm Clock,192.214199066162
Lexmark X 9575 Professional All-in-One Color Printer,190.080001831055
Memorex Froggy Flash Drive 8 GB,189.570001125336
Belkin 8 Outlet Surge Protector,188.507990837097
"IBM Multi-Purpose Copy Paper, 8 1/2 x 11"", Case",185.880005836487
Steel Personal Filing/Posting Tote,185.71729850769
Xerox 194,184.193596839905
Microsoft Wireless Mobile Mouse 4000,183.95400094986
9-3/4 Diameter Round Wall Clock,183.131200551987
Xerox 1925,182.782001495361
Binding Machine Supplies,182.604202270508
"Tennsco Snap-Together Open Shelving Units, Starter Sets and Add-On Units",181.662002563477
"Maxell 74 Minute CD-R Spindle, 50/Pack",181.18080329895
24-Hour Round Wall Clock,180.019800186157
Panasonic KX MB2061 Multifunction Printer,179.729995727539
"Computer Room Manger, 14""",179.289602279663
"TOPS Carbonless Receipt Book, Four 2-3/4 x 7-1/4 Money Receipts per Page",178.704000473022
Panasonic KX TS3282W Corded phone,178.47899723053
"Plantronics CS 50-USB - headset - Convertible, Monaural",178.146903991699
Jet-Pak Recycled Peel 'N' Seal Padded Mailers,177.65549659729
Socket Bluetooth Cordless Hand Scanner (CHS),177.197998046875
Belkin 7 Outlet SurgeMaster II,176.870402336121
Plantronics Voyager Pro Legend,173.031600952148
14-7/8 x 11 Blue Bar Computer Printout Paper,172.944000244141
"Tenex Traditional Chairmats for Medium Pile Carpet, Standard Lip, 36"" x 48""",172.245997190475
Tops Green Bar Computer Printout Paper,171.290006637573
invisibleSHIELD by ZAGG Smudge-Free Screen Protector,171.264798641205
"Safco Chair Connectors, 6/Carton",170.851196050644
"Fellowes Premier Superior Surge Suppressor, 10-Outlet, With Phone and Remote",169.263203144073
Computer Printout Paper with Letter-Trim Perforations,169.212400436401
Belkin 8 Outlet SurgeMaster II Gold Surge Protector with Phone Protection,168.438400268555
AT&T 17929 Lendline Telephone,167.387998342514
Fellowes 8 Outlet Superior Workstation Surge Protector,166.840002059937
"Executive Impressions 14""",166.280395507813
Avery 505,165.760001182556
AT&T 841000 Phone,165.60000038147
"Dixon Ticonderoga Core-Lock Colored Pencils, 48-Color Set",165.205997467041
Globe Weis Peel & Seel First Class Envelopes,164.861997127533
Panasonic Business Telephones KX-T7736,163.817993164063
Plantronics Encore H101 Dual Earpieces Headset,163.61800122261
"Green Canvas Binder for 8-1/2"" x 14"" Sheets",162.639995574951
Polycom SoundPoint IP 450 VoIP phone,162.619205474854
Belkin F9G930V10-GRY 9 Outlet Surge,162.579200744629
ClearSounds CSC500 Amplified Spirit Phone Corded phone,162.376800060272
"Seth Thomas 14"" Day/Date Wall Clock",162.051197528839
Round Specialty Laser Printer Labels,162.012903213501
Logitech ClearChat Comfort/USB Headset H390,160.21629524231
Xerox 19,159.547001838684
Wilson Jones Heavy-Duty Casebound Ring Binders with Metal Hinges,157.958401679993
Grandstream GXP1160 VoIP phone,157.705604553223
Personal Creations Ink Jet Cards and Labels,157.505597114563
Maxell LTO Ultrium - 800 GB,156.464099168777
Xerox 226,155.779200553894
Prismacolor Color Pencil Set,155.545602798462
Office Star - Contemporary Task Swivel Chair,155.371998786926
Panasonic KX TS208W Corded phone,154.80840587616
Xerox 1929,154.398403167725
Samsung Galaxy Note 3,153.99299621582
Hunt Boston Vacuum Mount KS Pencil Sharpener,153.95599937439
Fellowes Bankers Box Staxonsteel Drawer File/Stacking System,153.352793216705
I.R.I.S IRISCard Anywhere 5 Card Scanner,152.088302612305
Recycled Steel Personal File for Hanging File Folders,151.659498214722
SAFCO Folding Chair Trolley,151.323199510574
"White Business Envelopes with Contemporary Seam, Recycled White Business Envelopes",150.971999168396
"Tenex Contemporary Contur Chairmats for Low and Medium Pile Carpet, Computer, 39"" x 49""",150.541996002197
Enermax Briskie RF Wireless Keyboard and Mouse Combo,150.374801635742
"Boston School Pro Electric Pencil Sharpener, 1670",149.943200588226
Multimedia Mailers,149.895599365234
"Companion Letter/Legal File, Black",149.529596328735
"Logitech Wireless Boombox Speaker - portable - wireless, wired",148.96000289917
"Tenex 46"" x 60"" Computer Anti-Static Chairmat, Rectangular Shaped",148.372001647949
Howard Miller 12-3/4 Diameter Accuwave DS  Wall Clock,147.937194824219
O'Sullivan 3-Shelf Heavy-Duty Bookcases,147.094197273254
Vinyl Sectional Post Binders,147.029996871948
"Eureka The Boss Plus 12-Amp Hard Box Upright Vacuum, Red",146.510006904602
AT&T 1080 Corded phone,145.209402084351
Tensor Computer Mounted Lamp,144.730798721313
Nokia Lumia 1020,143.996795654297
Imation 32GB Pocket Pro USB 3.0 Flash Drive - 32 GB - Black - 1 P ...,143.759998321533
Euro-Pro Shark Turbo Vacuum,143.747197151184
Motorola Moto X,142.795797348022
Xerox 1979,140.959001541138
Sanford 52201 APSCO Electric Pencil Sharpener,140.936800479889
Hewlett-Packard Deskjet D4360 Printer,139.990005493164
Hewlett-Packard Deskjet 6540 Color Inkjet Printer,139.62099647522
Hon Valutask Swivel Chairs,139.352397918701
"White Envelopes, White Envelopes with Clear Poly Window",139.079998016357
Xerox 1933,138.518398284912
Ibico Laser Imprintable Binding System Covers,138.336004257202
"Deflect-o SuperTray Unbreakable Stackable Tray, Letter, Black",138.313199996948
Eldon Radial Chair Mat for Low to Medium Pile Carpets,135.931999206543
"Bush Andora Bookcase, Maple/Graphite Gray Finish",135.588700771332
Newell 334,135.308798670769
Panasonic KX T7736-B Digital phone,134.954996585846
AT&T 1070 Corded Phone,133.787998199463
LG Electronics Tone+ HBS-730 Bluetooth Headset,133.302402496338
Logitech Wireless Headset H600 Over-The-Head Design,133.26900100708
Avery 475,133.200000762939
"Seth Thomas 12"" Clock w/ Goldtone Case",132.824401855469
Xblue XB-1670-86 X16 Small Office Telephone - Titanium,132.289497852325
Sony 64GB Class 10 Micro SDHC R40 Memory Card,132.083301544189
AT&T CL82213,131.324699878693
RCA Visys Integrated PBX 8-Line Router,130.630498886108
Tripp Lite TLP810NET Broadband Surge for Modem/Fax,130.483199119568
Cisco Desktop Collaboration Experience DX650 IP Video Phone,130.207504272461
Memorex Micro Travel Drive 32 GB,129.975598335266
"Acme 10"" Easy Grip Assistive Scissors",129.721997737885
Jabra BIZ 2300 Duo QD Duo Corded Headset,129.529800415039
"REDIFORM Incoming/Outgoing Call Register, 11"" X 8 1/2"", 100 Messages",127.602001428604
Maxell DVD-RAM Discs,127.555200576782
Blue Parrot B250XT Professional Grade Wireless Bluetooth Headset with,127.482998847961
Eldon ProFile File 'N Store Portable File Tub Letter/Legal Size Black,127.445997714996
"Howard Miller 12"" Round Wall Clock",127.299598693848
KeyTronic 6101 Series - Keyboard - Black,127.069000244141
Panasonic KP-150 Electric Pencil Sharpener,126.806398391724
"Avery Address/Shipping Labels for Typewriters, 4"" x 2""",126.68400144577
DAX Wood Document Frame,126.316004276276
Memorex Micro Travel Drive 16 GB,126.161100387573
HTC One,125.987396240234
"GBC Prepunched Paper, 19-Hole, for Binding Systems, 24-lb",125.783798456192
"Global Stack Chair with Arms, Black",125.01659655571
Tenex B1-RE Series Chair Mats for Low Pile Carpets,124.605799674988
"Decoflex Hanging Personal Folder File, Blue",124.131001234055
Staples in misc. colors,124.051599830389
"Deflect-o EconoMat Nonstudded, No Bevel Mat",123.960000991821
DAX Natural Wood-Tone Poster Frame,123.926399230957
"Recycled Desk Saver Line ""While You Were Out"" Book, 5 1/2"" X 4""",123.509998321533
Newell 319,123.008003950119
OtterBox Defender Series Case - Samsung Galaxy S4,122.958998680115
Belkin F9H710-06 7 Outlet SurgeMaster Surge Protector,122.836797237396
Motorla HX550 Universal Bluetooth Headset,122.604997634888
Panasonic KX - TS880B Telephone,122.423398971558
"Maxell Pro 80 Minute CD-R, 10/Pack",122.360000133514
Xerox 1890,122.350002288818
Staple-based wall hangings,121.993601560593
"Kensington SlimBlade Notebook Wireless Mouse with Nano Receiver ",120.975799560547
Flat Face Poster Frame,120.952798843384
Safco Steel Mobile File Cart,120.872000694275
Xerox 1898,120.774397850037
"Epson WorkForce WF-2530 All-in-One Printer, Copier Scanner",120.382801055908
WD My Passport Ultra 500GB Portable External Hard Drive,120.359998703003
"BOSTON Ranger #55 Pencil Sharpener, Black",120.333696842194
First Data TMFD35 PIN Pad,119.951997756958
"Vinyl Coated Wire Paper Clips in Organizer Box, 800/Box",119.736400127411
Boston KS Multi-Size Manual Pencil Sharpener,119.548001289368
Avery 473,119.232001304626
"Sortfiler Multipurpose Personal File Organizer, Black",118.928401470184
"Tenex Personal Project File with Scoop Front Design, Black",118.623999595642
Konica Minolta magicolor 1690MF Multifunction Printer,118.370399475098
"Boston Electric Pencil Sharpener, Model 1818, Charcoal Black",118.230000019073
Staple holder,118.001700282097
Brown Kraft Recycled Envelopes,117.161996841431
Bevis Steel Folding Chairs,117.059000968933
Coloredge Poster Frame,116.298002243042
Okidata B400 Printer,115.830001831055
"Metal Folding Chairs, Beige, 4/Carton",115.735399007797
"iKross Bluetooth Portable Keyboard + Cell Phone Stand Holder + Brush for Apple iPhone 5S 5C 5, 4S 4",115.64399933815
"#10- 4 1/8"" x 9 1/2"" Recycled Envelopes",115.280601024628
"Recycled Interoffice Envelopes with String and Button Closure, 10 x 13",115.151999473572
"Peel & Seel Recycled Catalog Envelopes, Brown",113.484002113342
"BOSTON Model 1800 Electric Pencil Sharpeners, Putty/Woodgrain",113.273999214172
"Southworth 100% Résumé Paper, 24lb.",113.198998689651
Memorex Micro Travel Drive 8 GB,113.099998474121
"Personal Filing Tote with Lid, Black/Gray",112.912803411484
Trimflex Flexible Post Binders,112.886397361755
Plantronics 81402,112.182998657227
"Adams Telephone Message Book w/Frequently-Called Numbers Space, 400 Messages per Book",111.720002412796
Okidata C331dn Printer,111.680000305176
Panasonic KP-380BK Classic Electric Pencil Sharpener,111.537998199463
"Hunt BOSTON Model 1606 High-Volume Electric Pencil Sharpener, Beige",111.302398681641
"Acco Flexible ACCOHIDE Square Ring Data Binder, Dark Blue, 11 1/2"" X 14"" 7/8""",111.286799430847
Kensington 6 Outlet Guardian Standard Surge Protector,110.592002868652
Belkin F5C206VTEL 6 Outlet Surge,110.304000854492
"Boston Model 1800 Electric Pencil Sharpener, Gray",109.784999847412
AT&T EL51110 DECT,109.611297607422
Peel-Off China Markers,109.428602218628
Memorex Mini Travel Drive 32 GB USB 2.0 Flash Drive,109.200000762939
Boston 1799 Powerhouse Electric Pencil Sharpener,109.115998744965
"Wirebound Message Books, Four 2 3/4"" x 5"" Forms per Page, 600 Sets per Book",109.015201091766
Embossed Ink Jet Note Cards,108.336000442505
Advantus Panel Wall Certificate Holder - 8.5x11,108.092001914978
Microsoft Natural Ergonomic Keyboard 4000,107.664100527763
"Howard Miller 16"" Diameter Gallery Wall Clock",107.41919708252
GBC Recycled Grain Textured Covers,107.073996543884
"Performers Binder/Pad Holder, Black",106.513996124268
"Safco Value Mate Steel Bookcase, Baked Enamel Finish on Steel, Black",106.470003128052
Poly Designer Cover & Back,106.344002246857
Strathmore Photo Mount Cards,106.310398578644
Kensington K72356US Mouse-in-a-Box USB Desktop Mouse,106.175998210907
Luxo Professional Magnifying Clamp-On Fluorescent Lamps,106.09019947052
"Acco Smartsocket Table Surge Protector, 6 Color-Coded Adapter Outlets",105.485000610352
Ibico Standard Transparent Covers,104.812801361084
"Adams Phone Message Book, 200 Message Capacity, 8 1/16” x 11”",104.438400745392
"Acme Hot Forged Carbon Steel Scissors with Nickel-Plated Handles, 3 7/8"" Cut, 8""L",103.416001558304
OtterBox Commuter Series Case - iPhone 5 & 5s,102.913197517395
Advantus Plastic Paper Clips,102.799998521805
Avery 50,102.746000289917
SanDisk Cruzer 32 GB USB Flash Drive,102.707997083664
GBC Poly Designer Binding Covers,102.448799133301
Cisco Unified IP Phone 7945G VoIP phone,102.296997070313
"Howard Miller 11-1/2"" Diameter Grantwood Wall Clock",101.78679895401
Belkin F9M820V08 8 Outlet Surge,101.003000020981
Bevis Round Conference Table Top & Single Column Base,100.974601268768
GBC Recycled VeloBinder Covers,100.876800537109
Fellowes Advanced Computer Series Surge Protectors,100.662001132965
"Chromcraft Bull-Nose Wood Round Conference Table Top, Wood Base",100.210998535156
Nortel Business Series Terminal T7208 Digital phone,100.072799682617
"DataProducts Ampli Magnifier Task Lamp, Black,",99.5807976722717
Anker Ultra-Slim Mini Bluetooth 3.0 Wireless Keyboard,99.550198674202
Eldon Wave Desk Accessories,98.9995981454849
Nu-Dell Executive Frame,98.9711999893188
"Square Ring Data Binders, Rigid 75 Pt. Covers, 11"" x 14-7/8""",98.2464017868042
Xerox 188,97.5240001678467
"DAX Contemporary Wood Frame with Silver Metal Mat, Desktop, 11 x 14 Size",97.1519985198975
Xerox 216,96.9407997131348
Hon 4060 Series Tables,96.2856035232544
"Wirebound Message Books, Four 2 3/4 x 5 White Forms per Page",95.2655985355377
I Need's 3d Hello Kitty Hybrid Silicone Case Cover for HTC One X 4g with 3d Hello Kitty Stylus Pen Green/pink,95.2016000747681
Panasonic Kx-TS550,95.1992998123169
Luxo Economy Swing Arm Lamp,94.9144010543823
"Seth Thomas 14"" Putty-Colored Wall Clock",94.76819896698
GE 2-Jack Phone Line Splitter,94.7553939819336
Pizazz Global Quick File,94.6103985309601
"Rediform S.O.S. 1-Up Phone Message Bk, 4-1/4x3-1/16 Bk, 1 Form/Pg, 40 Messages/Bk, 3/Pk",94.5503988265991
"Executive Impressions 14"" Two-Color Numerals Wall Clock",94.5152015686035
Newell 345,94.4383988380432
Petty Cash Envelope,94.3599987030029
Advantus Motivational Note Cards,94.3200018405914
Xerox 1938,93.8840026855469
"Executive Impressions 14"" Contract Wall Clock",93.5882987976074
Newell 34,93.2479989528656
"Multi-Use Personal File Cart and Caster Set, Three Stacking Bins",93.1567959785461
Xerox 1912,92.5736017227173
Boston 19500 Mighty Mite Electric Pencil Sharpener,92.4885015487671
Model L Table or Wall-Mount Pencil Sharpener,92.1087985038757
Computer Printout Paper with Letter-Trim Fine Perforations,91.9680023193359
Microsoft Arc Touch Mouse,91.1240005493164
12-1/2 Diameter Round Wall Clock,91.1088013648987
"Verbatim 25 GB 6x Blu-ray Single Layer Recordable Disc, 25/Pack",91.0404019355774
RCA ViSYS 25825 Wireless digital phone,90.9930000305176
3M Office Air Cleaner,90.9300003051758
"Premium Transparent Presentation Covers, No Pattern/Clear, 8 1/2"" x 11""",90.7452049255371
Advantus Rolling Storage Box,90.7235012054443
Mobile Personal File Cube,90.6353988647461
Xerox 214,90.4607980251312
Clear Mylar Reinforcing Strips,90.2726988792419
Avery Legal 4-Ring Binder,90.21399974823
Xerox 209,90.2015991210938
DMI Eclipse Executive Suite Bookcases,90.176399230957
Logitech Wireless Anywhere Mouse MX for PC and Mac,89.9849996566772
Belkin 8 Outlet SurgeMaster II Gold Surge Protector,89.9699983596802
AT&T SB67148 SynJ,89.7464027404785
Xerox 1982,89.5327987670898
Xerox 1931,88.6463987827301
"Executive Impressions 13"" Clairmont Wall Clock",88.4580023288727
Maxell 4.7GB DVD+RW 3/Pack,88.4115014076233
Jensen SMPS-640 - speaker phone,88.2815971374512
Deluxe Heavy-Duty Vinyl Round Ring Binder,88.241997718811
Quality Park Security Envelopes,88.1928987503052
"Executive Impressions 10"" Spectator Wall Clock",87.9648008346558
"Wirebound Message Book, 4 per Page",87.6945018768311
"Holmes Replacement Filter for HEPA Air Cleaner, Medium Room",87.6942014694214
Cisco SPA112 2 Port Phone Adapter,87.3705005645752
Avery Arch Ring Binders,87.1499872207642
Holmes 99% HEPA Air Purifier,86.8565993309021
Fiskars Softgrip Scissors,86.0831985473633
"SimpliFile Personal File, Black Granite, 15w x 6-15/16d x 11-1/4h",85.8060007095337
Xerox 225,85.7951984405518
"Avery Trapezoid Ring Binder, 3"" Capacity, Black, 1040 sheets",85.2384014129639
Plastic Binding Combs,84.9914970397949
DAX Two-Tone Silver Metal Document Frame,84.8056025505066
Micro Innovations USB RF Wireless Keyboard with Mouse,84.5
Samsung Galaxy S III - 16GB - pebble blue (T-Mobile),83.9976081848145
Nokia Lumia 521 (T-Mobile),83.9719986915588
Cisco 8x8 Inc. 6753i IP Business Phone System,83.6938095092773
Belkin 8-Outlet Premiere SurgeMaster II Surge Protectors,83.3760013580322
Laser & Ink Jet Business Envelopes,83.2259974479675
Xerox 1895,82.8229997158051
Xerox 1996,81.9071984291077
"Dana Fluorescent Magnifying Lamp, White, 36""",81.5680017471313
"Acco Six-Outlet Power Strip, 4' Cord Length",81.5451998710632
Nu-Dell Leatherette Frames,81.4511995315552
Avery 490,81.4000020027161
"Inter-Office Recycled Envelopes, Brown Kraft, Button-String,10"" x 13"" , 100/Box",81.326000213623
"Padded Folding Chairs, Black, 4/Carton",80.9800000190735
Southworth 25% Cotton Antique Laid Paper & Envelopes,80.8980007171631
APC 7 Outlet Network SurgeArrest Surge Protector,80.4799823760986
Standard Line “While You Were Out” Hardbound Telephone Message Book,80.4468002319336
Avaya 4621SW VoIP phone,79.8659973144531
Xerox 1892,79.4580001831055
"Belkin SportFit Armband For iPhone 5s/5c, Fuchsia",79.29709815979
Xerox 1894,78.7968015670776
Logitech G105 Gaming Keyboard,78.3683978319168
Electrix 20W Halogen Replacement Bulb for Zoom-In Desk Lamp,78.2560000419617
Fellowes Stor/Drawer Steel Plus Storage Drawers,78.2526006698608
Sterilite Officeware Hinged File Box,78.0759996175766
SANFORD Major Accent Highlighters,77.8799996376038
Xerox 1997,77.7599983215332
"Speediset Carbonless Redi-Letter 7"" x 8 1/2""",77.6343002319336
Eldon Simplefile Box Office,77.1280012726784
"Global Deluxe Stacking Chair, Gray",76.9797996282578
"XtraLife ClearVue Slant-D Ring Binder, White, 3""",76.9232015609741
"BlueLounge Milo Smartphone Stand, White/Metallic",76.7744007110596
Xerox 202,76.7231981754303
Deluxe Chalkboard Eraser Cleaner,76.4610018730164
Panasonic KX T7731-B Digital phone,75.9923963546753
Xerox 1918,75.969596862793
Xerox 1968,75.3503985404968
3M Polarizing Light Filter Sleeves,75.3459997177124
Panasonic KX-TG6844B Expandable Digital Cordless Telephone,75.2285985946655
Avery 486,75.1467995643616
Tripp Lite Isotel 6 Outlet Surge Protector with Fax/Modem Protection,74.9930877685547
Ultra Door Pull Handle,74.7971987724304
Avery 503,74.5200004577637
Xerox 1978,74.3308002948761
"DAX Two-Tone Rosewood/Black Document Frame, Desktop, 5 x 7",73.9440002441406
Security-Tint Envelopes,73.8787984848022
"Acco PRESSTEX Data Binder with Storage Hooks, Dark Blue, 14 7/8"" X 11""",73.8674004077911
"Bush Westfield Collection Bookcases, Fully Assembled",73.7154006958008
Avery 489,73.2779998779297
"Hon Deluxe Fabric Upholstered Stacking Chairs, Squared Back",73.1940002441406
Electrix Fluorescent Magnifier Lamps & Weighted Base,73.0231990814209
White GlueTop Scratch Pads,72.7935981750488
"Adams Telephone Message Book W/Dividers/Space For Phone Numbers, 5 1/4""X8 1/2"", 200/Messages",72.7040004730225
"Maxell 74 Minute CDR, 10/Pack",72.5676007270813
"Executive Impressions 13"" Chairman Wall Clock",72.3330001831055
Acme Box Cutter Scissors,72.223799943924
"Deflect-o DuraMat Lighweight, Studded, Beveled Mat for Low Pile Carpeting",72.0784978866577
Newell 324,72.0719993114471
Fellowes Binding Cases,71.9550008773804
Weyerhaeuser First Choice Laser/Copy Paper (20Lb. and 88 Bright),71.2800004482269
"Seth Thomas 13 1/2"" Wall Clock",71.1200008392334
Xerox 195,70.5407981872559
Boston Home & Office Model 2000 Electric Pencil Sharpeners,70.4770019054413
Xerox 1973,70.3472023010254
Logitech Illuminated Ultrathin Keyboard with Backlighting,70.0977020263672
Boston 16801 Nautilus Battery Pencil Sharpener,69.9918007850647
GE DSL Phone Line Filter,69.9825019836426
Xerox 205,69.4655990600586
"Career Cubicle Clock, 8 1/4"", Black",68.9520010948181
Xerox 1905,68.9471988677979
Avery 499,68.7240002155304
Clarity 53712,68.6295990943909
Hand-Finished Solid Wood Document Frame,68.4600005149841
Xerox 1993,68.4288001060486
Xerox 192,68.4287993907928
"Avery Hi-Liter EverBold Pen Style Fluorescent Highlighters, 4/Pack",68.3760004043579
Panasonic KP-4ABK Battery-Operated Pencil Sharpener,67.9296016693115
Acme Forged Steel Scissors with Black Enamel Handles,67.7767992019653
Holmes Odor Grabber,67.774001121521
X-Rack File for Hanging Folders,67.7400004863739
Fellowes Super Stor/Drawer,67.7100012302399
Xerox 1948,67.4325008392334
Xerox 217,67.3919999599457
Fellowes Mighty 8 Compact Surge Protector,67.2964007854462
Canon PC170 Desktop Personal Copier,67.1790008544922
"Verbatim 25 GB 6x Blu-ray Single Layer Recordable Disc, 3/Pack",67.1039991378784
Southworth 25% Cotton Linen-Finish Paper & Envelopes,67.0440006256104
Micropad Numeric Keypads,66.9664987325668
DXL Angle-View Binders with Locking Rings by Samsill,66.6914999485016
Belkin F8E887 USB Wired Ergonomic Keyboard,66.2778990864754
Xerox 1903,65.5408000946045
Magnifier Swing Arm Lamp,65.4576015472412
Southworth 100% Cotton The Best Paper,65.435998916626
"Black Print Carbonless Snap-Off Rapid Letter, 8 1/2"" x 7""",65.136501789093
Astroparche Fine Business Paper,65.0496010780334
"#10- 4 1/8"" x 9 1/2"" Security-Tint Envelopes",64.8635988235474
"Logitech B530 USB Headset - headset - Full size, Binaural",64.7324984073639
Kingston Digital DataTraveler 16GB USB 2.0,64.7084989920259
Texas Instruments TI-34 Scientific Calculator,64.6505978107452
Great White Multi-Use Recycled Paper (20Lb. and 84 Bright),64.5839993953705
Self-Adhesive Address Labels for Typewriters by Universal,64.4010992050171
"Acco Data Flex Cable Posts For Top & Bottom Load Binders, 6"" Capacity",64.1445016860962
"Global Leather Task Chair, Black",63.8929004073143
Xerox 23,63.763200044632
Eldon Fold 'N Roll Cart System,63.7487990856171
"#10-4 1/8"" x 9 1/2"" Premium Diagonal Seam Envelopes",63.7470016479492
Stanley Contemporary Battery Pencil Sharpeners,63.0119981765747
Xerox 203,62.9855995178223
Logitech LS21 Speaker System - PC Multimedia - 2.1-CH - Wired,62.7685980796814
"Tenex File Box, Personal Filing Tote with Lid, Black",62.6604002714157
"Conquest 14 Commercial Heavy-Duty Upright Vacuum, Collection System, Accessory Kit",61.5167961120605
Xerox 1977,61.4559984207153
DAX Black Cherry Wood-Tone Poster Frame,61.4335980415344
Artistic Insta-Plaque,61.1520004272461
"Adams Telephone Message Book W/Dividers/Space For Phone Numbers, 5 1/4""X8 1/2"", 300/Messages",60.9168016910553
Xerox 220,60.9119992256165
Xerox 1959,60.6543984413147
Xerox 222,60.6527991294861
Xerox 1936,60.539400100708
Eldon 500 Class Desk Accessories,60.4707001447678
Acco 6 Outlet Guardian Premium Surge Suppressor,60.4240002632141
"Wirebound Service Call Books, 5 1/2"" x 4""",60.4032006263733
Hewlett-Packard 300S Scientific Calculator,60.306001663208
OIC Binder Clips,60.1439990997314
Polycom CX300 Desktop Phone USB VoIP phone,59.9960021972656
GBC Plastic Binding Combs,59.7779986858368
Bulldog Vacuum Base Pencil Sharpener,59.5902986526489
"It's Hot Message Books with Stickers, 2 3/4"" x 5""",59.5699996948242
Letter Size File,59.5500011444092
Desktop 3-Pocket Hot File,59.5099999904633
Xerox 1955,59.3839988708496
Xerox 1930,59.35680103302
Panasonic KP-310 Heavy-Duty Electric Pencil Sharpener,59.3460006713867
"OIC Colored Binder Clips, Assorted Sizes",59.2847990989685
"Seth Thomas 8 1/2"" Cubicle Clock",59.2175993919373
Things To Do Today Pad,59.1696000099182
Canvas Sectional Post Binders,59.0672016143799
Recycled Eldon Regeneration Jumbo File,58.944000005722
GBC Binding covers,58.9225001335144
Dixon Ticonderoga Core-Lock Colored Pencils,58.6683995723724
Wilson Jones Turn Tabs Binder Tool for Ring Binders,58.5148012638092
Cisco Small Business SPA 502G VoIP phone,58.4649000167847
KeyTronic E03601U1 - Keyboard - Beige,58.3200008869171
Fellowes Basic Home/Office Series Surge Protectors,58.2801969051361
"Eldon 200 Class Desk Accessories, Smoke",58.0271987915039
"Neat Ideas Personal Hanging Folder Files, Black",58.017600774765
HP Standard 104 key PS/2 Keyboard,58
Xerox 1907,57.7159976959229
Ibico Covers for Plastic or Wire Binding Elements,57.5
Sony Micro Vault Click 8 GB USB 2.0 Flash Drive,57.3278007507324
Fellowes Superior 10 Outlet Split Surge Protector,57.0900001525879
Xerox 212,57.0239987373352
Xerox 232,56.5056011676788
Eldon Advantage Chair Mats for Low to Medium Pile Carpets,56.3029990196228
Xerox 230,56.2464003562927
"Tennsco Lockers, Sand",56.2264013290405
Aluminum Document Frame,56.2119998931885
"Ampad Phone Message Book, Recycled, 400 Message Capacity, 5 ¾” x 11”",56.1599998474121
"C-Line Magnetic Cubicle Keepers, Clear Polypropylene",56.1183993816376
Nu-Dell Float Frame 11 x 14 1/2,56.0352010726929
NeatDesk Desktop Scanner & Digital Filing System,55.9986000061035
Universal Premium White Copier/Laser Paper (20Lb. and 87 Bright),55.9727997779846
"Eldon Image Series Desk Accessories, Ebony",55.8219981193542
Acco 3-Hole Punch,55.5384006500244
Belkin Premiere Surge Master II 8-outlet surge protector,55.3811950683594
"Eureka Hand Vacuum, Bagless",55.3615989685059
Lumber Crayons,55.3570001125336
Riverleaf Stik-Withit Designer Note Cubes,55.3300008773804
Portable Personal File Box,55.3112981319427
Wilson Jones Century Plastic Molded Ring Binders,55.2482004165649
"Wilson Jones Hanging View Binder, White, 1""",55.2380003929138
"DAX Executive Solid Wood Document Frame, Desktop or Hang, Mahogany, 5 x 7",55.1004009246826
"Permanent Self-Adhesive File Folder Labels for Typewriters, 1 1/8 x 3 1/2, White",55.0619993209839
"Square Credit Card Reader, 4 1/2"" x 4 1/2"" x 1"", White",54.8450994491577
"SAFCO PlanMaster Boards, 60w x 37-1/2d, White Melamine",54.7163925170898
Avery 476,54.5985990762711
"Leather Task Chair, Black",54.5880012512207
Xerox 1947,54.1189999580383
"Message Book, Wirebound, Four 5 1/2"" X 4"" Forms/Pg., 200 Dupl. Sets/Book",54.0727996826172
4009 Highlighters by Sanford,53.8095995187759
Strathmore Photo Frame Cards,53.8015995025635
Logitech Wireless Touch Keyboard K400,53.7285004854202
Black & Decker Filter for Double Action Dustbuster Cordless Vac BLDV7210,53.6960006952286
BIC Liqua Brite Liner,53.5767991542816
Adjustable Personal File Tote,53.3983995914459
Memorex Mini Travel Drive 8 GB USB 2.0 Flash Drive,53.2680015563965
Xerox 2,53.1359994411469
Eureka Sanitaire  Commercial Upright,53.0271987915039
Self-Adhesive Removable Labels,52.9199992418289
Xerox 204,52.8768000602722
"Eldon Stackable Tray, Side-Load, Legal, Smoke",52.8291997909546
Sony 32GB Class 10 Micro SDHC R40 Memory Card,52.7939987182617
Cherry 142-key Programmable Keyboard,52.7691993713379
"Fellowes Personal Hanging Folder Files, Navy",52.645601272583
"DAX Value U-Channel Document Frames, Easel Back",52.4831985235214
"DAX Cubicle Frames, 8-1/2 x 11",52.448399066925
"GBC Pre-Punched Binding Paper, Plastic, White, 8-1/2"" x 11""",52.4471988677979
Logitech M510 Wireless Mouse,52.3868999481201
"Manila Recycled Extra-Heavyweight Clasp Envelopes, 6"" x 9""",52.3745987415314
PowerGen Dual USB Car Charger,52.3476011753082
Xerox 4200 Series MultiUse Premium Copy Paper (20Lb. and 84 Bright),52.271999835968
#10 Self-Seal White Envelopes,52.1229994297028
"Letter/Legal File Tote with Clear Snap-On Lid, Black Granite",52.0344005823135
"Message Book, Phone, Wirebound Standard Line Memo, 2 3/4"" X 5""",52.0069985389709
Avery 519,51.6085996627808
Avery 516,51.5354995727539
File Shuttle I and Handi-File,51.420599937439
"Tenex V2T-RE Standard Weight Series Chair Mat, 45"" x 53"", Lip 25"" x 12""",51.1056003570557
"Stur-D-Stor Shelving, Vertical 5-Shelf: 72""H x 36""W x 18 1/2""D",51.0507998466492
Hanging Personal Folder File,51.0249990224838
Xerox 213,50.8031997680664
"ACCOHIDE 3-Ring Binder, Blue, 1""",50.7164002656937
"Fellowes Smart Surge Ten-Outlet Protector, Platinum",50.5848007202148
Storex Dura Pro Binders,50.5493992567062
AT&T CL2909,50.3960018157959
Logitech Media Keyboard K200,50.3855991363525
Apple EarPods with Remote and Mic,50.3820009231567
Fellowes Desktop Hanging File Manager,50.3625011444092
HP Office Recycled Paper (20Lb. and 87 Bright),50.3438000679016
"Wilson Jones Clip & Carry Folder Binder Tool for Ring Binders, Clear",50.2279999256134
JM Magazine Binder,50.1904001235962
"Eldon Executive Woodline II Desk Accessories, Mahogany",50.0086994171143
Acme Galleria Hot Forged Steel Scissors with Colored Handles,49.8640995025635
"Sanford Prismacolor Professional Thick Lead Art Pencils, 36-Color Set",49.7951984405518
Berol Giant Pencil Sharpener,49.7806992530823
Hewlett-Packard Deskjet 5550 Printer,49.7610015869141
GBC Premium Transparent Covers with Diagonal Lined Pattern,49.5127964019775
"Array Parchment Paper, Assorted Colors",49.5040001869202
"Master Caster Door Stop, Brown",49.3775994777679
Avery 518,49.1399986743927
Global Highback Leather Tilter in Burgundy,49.1346035003662
Xerox 1928,49.1040008068085
"Wirebound Message Books, Two 4 1/4"" x 5"" Forms per Page",49.0844993591309
Fellowes Recycled Storage Drawers,48.8532009124756
Avery File Folder Labels,48.8448008298874
"DAX Charcoal/Nickel-Tone Document Frame, 5 x 7",48.8219990730286
"Holmes Cool Mist Humidifier for the Whole House with 8-Gallon Output per Day, Extended Life Filter",48.7549991607666
Sanford Liquid Accent Highlighters,48.6303999423981
"Bush Cubix Collection Bookcases, Fully Assembled",48.6156005859375
"Ink Jet Note and Greeting Cards, 8-1/2"" x 5-1/2"" Card Size",48.5568017959595
Wilson Jones Legal Size Ring Binders,48.378002166748
"HP Officejet Pro 8600 e-All-In-One Printer, Copier, Scanner, Fax",47.9967985153198
"Holmes Replacement Filter for HEPA Air Cleaner, Large Room",47.9844007492065
Xerox 1971,47.9359999895096
Iris Project Case,47.879999756813
C-Line Cubicle Keepers Polyproplyene Holder With Velcro Backings,47.7256998419762
Xerox 1995,47.6927988529205
"Wirebound Four 2-3/4 x 5 Forms per Page, 400 Sets per Book",47.6009986400604
"Eldon 400 Class Desk Accessories, Black Carbon",47.5999989509583
Office Star - Task Chair with Contemporary Loop Arms,47.3095989227295
Logitech K350 2.4Ghz Wireless Keyboard,47.2815027236938
"Wirebound Message Books, Four 2 3/4 x 5 Forms per Page, 200 Sets per Book",47.2230008840561
"Ampad Gold Fibre Wirebound Steno Books, 6"" x 9"", Gregg Ruled",47.1870000362396
Xerox Blank Computer Paper,46.9529991149902
Xerox 219,46.6560003757477
Xerox 228,46.6559991836548
"Eldon Expressions Wood and Plastic Desk Accessories, Cherry Wood",46.5565996170044
Xerox 227,46.3967998027802
Eldon Antistatic Chair Mats for Low to Medium Pile Carpets,46.327600479126
Xerox 201,46.137598991394
"Eureka Recycled Copy Paper 8 1/2"" x 11"", Ream",46.137598991394
Cardinal Slant-D Ring Binders,46.0570001602173
Griffin GC17055 Auxiliary Audio Cable,46.0544002056122
Grandstream GXP2100 Mainstream Business Phone,45.8940024375916
Spigen Samsung Galaxy S5 Case Wallet,45.8729999065399
"Fiskars 8"" Scissors, 2/Pack",45.8583989143372
Xerox 1987,45.3151998519897
"Wirebound Message Books, 2 7/8"" x 5"", 3 Forms per Page",44.9856004714966
Wasp CCD Handheld Bar Code Reader,44.8680000305176
Xerox 1952,44.8199992179871
"Tenex Personal Self-Stacking Standard File Box, Black/Gray",44.811500787735
Staple magnet,44.8092001676559
Longer-Life Soft White Bulbs,44.7216000556946
"Eldon 200 Class Desk Accessories, Burgundy",44.5879993438721
Boston 1730 StandUp Electric Pencil Sharpener,44.4703989028931
Panasonic KX TS3282B Corded phone,44.2745990753174
Project Tote Personal File,44.1944994926453
Westinghouse Clip-On Gooseneck Lamps,44.1935991048813
"Global Stack Chair without Arms, Black",44.1659998893738
Xerox 1900,44.0840005874634
"Rediform Wirebound ""Phone Memo"" Message Book, 11 x 5-3/4",43.7771997451782
"BIC Brite Liner Grip Highlighters, Assorted, 5/Pack",43.7144003510475
Fellowes 8 Outlet Superior Workstation Surge Protector w/o Phone/Fax/Modem Protection,43.7060022354126
Xerox 1962,43.6560001373291
Avery Non-Stick Binders,43.5529991388321
Xerox 21,43.545599937439
Xerox 1970,43.5252003669739
Avery Metallic Poly Binders,43.4334008693695
Xerox 1949,43.4256002902985
Avery 478,43.3062000274658
"Advantus Push Pins, Aluminum Head",43.2264001369476
"Canon Color ImageCLASS MF8580Cdw Wireless Laser All-In-One Printer, Copier, Scanner",43.1991004943848
Logitech G13 Programmable Gameboard with LCD Display,43.1945996284485
"Adams Phone Message Book, Professional, 400 Message Capacity, 5 3/6” x 11”",43.1363999843597
Avery 481,43.1199997663498
Cisco SPA525G2 IP Phone - Wireless,43.0920000076294
"Dixon Prang Watercolor Pencils, 10-Color Set with Brush",42.8982002139091
Stanley Bostitch Contemporary Electric Pencil Sharpeners,42.7895990610123
"Master Big Foot Doorstop, Beige",42.7679998874664
Avery 495,42.5880002975464
Logitech Desktop MK120 Mouse and keyboard Combo,42.5359991788864
Avery 480,42.4500002861023
Memorex Froggy Flash Drive 4 GB,42.4213995933533
Avery Printable Repositionable Plastic Tabs,42.3119990825653
"Master Caster Door Stop, Large Neon Orange",42.2967994213104
"GE 4 Foot Flourescent Tube, 40 Watt",42.2435998916626
"DXL Angle-View Binders with Locking Rings, Black",42.0498008728027
"Verbatim 25 GB 6x Blu-ray Single Layer Recordable Disc, 10/Pack",41.9558010101318
"Eldon Expressions Wood and Plastic Desk Accessories, Oak",41.9159996509552
"Linden 10"" Round Wall Clock, Black",41.867199420929
"LF Elite 3D Dazzle Designer Hard Case Cover, Lf Stylus Pen and Wiper For Apple Iphone 5c Mini Lite",41.8560009002686
Avery White Multi-Purpose Labels,41.832001209259
Fellowes Advanced 8 Outlet Surge Suppressor with Phone/Fax Protection,41.6400005817413
GBC Wire Binding Combs,41.566798210144
Maxell 4.7GB DVD-RW 3/Pack,41.4180002212524
Holmes HEPA Air Purifier,41.3819999694824
Avery 51,41.3280010223389
Xerox 1999,41.2128000259399
Aluminum Screw Posts,41.202000617981
Global Commerce Series Low-Back Swivel/Tilt Chairs,41.1167969703674
Xerox 211,40.9535994529724
Xerox 1956,40.9032001495361
"Telephone Message Books with Fax/Mobile Section, 5 1/2"" x 3 3/16""",40.7669992446899
Xerox 1920,40.3649997711182
Xerox 1992,40.364999294281
Xerox 1986,40.3471989631653
Classic Ivory Antique Telephone ZL1810,40.1959991455078
GBC Imprintable Covers,39.9671998023987
Recycled Premium Regency Composition Covers,39.8808002471924
Avery 508,39.8200998306274
Eldon Econocleat Chair Mats for Low Pile Carpets,39.8112001419067
"DAX Copper Panel Document Frame, 5 x 7 Size",39.752799987793
Xerox 1957,39.7223997116089
Avery 48,39.6900010108948
"TOPS Money Receipt Book, Consecutively Numbered in Red,",39.6495008468628
Super Decoflex Portable Personal File,39.5471997261047
"Redi-Strip #10 Envelopes, 4 1/8 x 9 1/2",39.5300002098083
Xerox 196,39.4196008443832
Lock-Up Easel 'Spel-Binder',39.3713979721069
Xerox 1923,39.2783994674683
Eldon 200 Class Desk Accessories,39.1872000694275
Xerox 1967,38.8800001144409
Prang Colored Pencils,38.8079986572266
Cardinal Holdit Data Disk Pockets,38.7295999526978
"Westinghouse Floor Lamp with Metal Mesh Shade, Black",38.6239013671875
Xerox 224,38.6207995414734
"RSVP Cards & Envelopes, Blank White, 8-1/2"" X 11"", 24 Cards/25 Envelopes/Set",38.2523993253708
HP Office Paper (20Lb. and 87 Bright),38.2095994949341
Tensor Track Tree Floor Lamp,38.1809005737305
Xerox 193,38.0925998687744
SanDisk Ultra 32 GB MicroSDHC Class 10 Memory Card,38.0120010375977
SanDisk Ultra 64 GB MicroSDHC Class 10 Memory Card,37.9904975891113
Avery Personal Creations Heavyweight Cards,37.8512001037598
"Avery Flip-Chart Easel Binder, Black",37.8222026824951
"Avery Durable Plastic 1"" Binders",37.5004003047943
Harmony HEPA Quiet Air Purifiers,37.4399988651276
Memorex Micro Travel Drive 4 GB,37.4180002212524
Ultra Door Push Plate,37.4142000675201
Personal File Boxes with Fold-Down Carry Handle,37.3920006752014
"Elite 5"" Scissors",37.1800003051758
"TOPS 4 x 6 Fluorescent Color Memo Sheets, 500 Sheets per Pack",37.105899810791
Xerox 2000,37.0655992031097
Wilson Jones Active Use Binders,37.0552000999451
Deflect-O Glasstique Clear Desk Accessories,37.0369992256165
Acme Tagit Stainless Steel Antibacterial Scissors,37.0260000228882
Ricoh - Ink Collector Unit for GX3000 Series Printers,36.9159984588623
KLD Oscar II Style Snap-on Ultra Thin Side Flip Synthetic Leather Cover Case for HTC One HTC M7,36.6443996429443
Newell Chalk Holder,36.5917991399765
Fashion Color Clasp Envelopes,36.5175008773804
RCA ViSYS 25425RE1 Corded phone,36.4472999572754
Southworth Structures Collection,36.3999996185303
"Memo Book, 100 Message Capacity, 5 3/8” x 11”",36.3959999084473
3M Hangers With Command Adhesive,36.0010003447533
Avery 487,35.9774993658066
"Personal Folder Holder, Ebony",35.8719992637634
OIC Bulk Pack Metal Binder Clips,35.5979998111725
Nu-Dell Oak Frame,35.4576005935669
Avery 512,35.3736000061035
"Angle-D Binders with Locking Rings, Label Holders",35.331999540329
Hoover Commercial SteamVac,35.3080005645752
Wilson Jones 14 Line Acrylic Coated Pressboard Data Binders,35.2973990440369
Xerox 210,35.2512001991272
Xerox 1946,35.2512001991272
Sony Micro Vault Click 4 GB USB 2.0 Flash Drive,35.1288006305695
Lexmark S315 Color Inkjet Printer,34.9964981079102
Xerox 229,34.9919996261597
"Acco Pressboard Covers with Storage Hooks, 9 1/2"" x 11"", Executive Red",34.8995996713638
Newell 309,34.650000333786
Avery 513,34.4615998268127
Newell 312,34.4559998512268
Avery 474,34.2720007896423
"Quartet Omega Colored Chalk, 12/Pack",34.1640003919601
Avery Hi-Liter Smear-Safe Highlighters,34.105600476265
Safco Drafting Table,34.0704002380371
WD My Passport Ultra 1TB Portable External Hard Drive,33.8100016117096
Newell 315,33.7870005965233
Xerox 200,33.6959991455078
Xerox 198,33.4655990600586
DAX Solid Wood Frames,33.3157005310059
Xerox 221,33.1775996685028
Acme Softgrip Scissors,33.1298007965088
"Anker Ultrathin Bluetooth Wireless Keyboard Aluminum Cover with Stand ",32.9890007972717
50 Colored Long Pencils,32.9183999300003
"Adams Telephone Message Books, 5 1/4” x 11”",32.9179990291595
Xerox 1902,32.8895998001099
Crayola Colored Pencils,32.7999995350838
Xerox 1966,32.7887997627258
Acrylic Self-Standing Desk Frames,32.734200835228
Xerox 1994,32.6591997146606
Avery 483,32.5692000389099
AmazonBasics 3-Button USB Wired Mouse,32.2938008308411
Smead Alpha-Z Color-Coded Name Labels First Letter Starter Set,32.2499995231628
Xerox 1954,32.2079999446869
Xerox 231,31.8815994262695
"TOPS ""Important Message"" Pads, Canary, 4-1/4 x 5-1/2, 50 Sheets per Pad",31.629200220108
"Master Giant Foot Doorstop, Safety Yellow",31.5743999481201
Avery 49,31.5648005008698
Avery 52,31.4757001399994
"Snap-A-Way Black Print Carbonless Speed Message, No Reply Area, Duplicate",31.4712009429932
Pastel Pink Envelopes,31.4496002197266
"GBC White Gloss Covers, Plain Front",31.4216012954712
"Adams ""While You Were Out"" Message Pads",31.3999998569489
Crate-A-Files,31.3920000195503
Xerox 22,31.3631992340088
"Wirebound Message Books, 5-1/2 x 4 Forms, 2 or 4 Forms per Page",31.3092002868652
VariCap6 Expandable Binder,31.1399993896484
BIC Brite Liner Highlighters,30.8844003677368
Avery Non-Stick Heavy Duty View Round Locking Ring Binders,30.85680103302
Wilson Jones “Snap” Scratch Pad Binder Tool for Ring Binders,30.7399995326996
Southworth Parchment Paper & Envelopes,30.7380000352859
"BIC Brite Liner Highlighters, Chisel Tip",30.5856002569199
"Linden 12"" Wall Clock With Oak Frame",30.5820007324219
Xerox 1975,30.3263998031616
Newell 347,30.3023992776871
Poly String Tie Envelopes,30.2940001487732
"Acco Clips to Go Binder Clips, 24 Clips in Two Sizes",30.2814991474152
Xerox 1981,30.0959997177124
Acco Perma 4000 Stacking Storage Drawers,30.0440012812614
Dell Slim USB Multimedia Keyboard,30
Avoid Verbal Orders Carbonless Minifold Book,29.9468004703522
Things To Do Today Spiral Book,29.8583993911743
Newell 325,29.736000418663
Avery Heavy-Duty EZD View Binder with Locking Rings,29.7308021783829
"Geographics Note Cards, Blank, White, 8 1/2"" x 11""",29.5415997505188
QVS USB Car Charger 2-Port 2.1Amp for iPod/iPhone/iPad/iPad 2/iPad 3,29.537499666214
"Contract Clock, 14"", Brown",29.4531993865967
Avery 515,29.445499420166
Avery Premier Heavy-Duty Binder with Round Locking Rings,29.4167995452881
"Perixx PERIBOARD-512B, Ergonomic Split Keyboard",29.3916001319885
Tops Wirebound Message Log Books,29.2809998989105
Park Ridge Embossed Executive Business Envelopes,29.2716007232666
Avery Heavy-Duty EZD  Binder With Locking Rings,29.2392003536224
Sabrent 4-Port USB 2.0 Hub,29.1970000267029
Belkin 6 Outlet Metallic Surge Strip,28.7495993375778
Xerox 1932,28.7063999176025
"Eldon 200 Class Desk Accessories, Black",28.6368002891541
"Post-it “Important Message” Note Pad, Neon Colors, 50 Sheets/Pad",28.5376000404358
"Eberhard Faber 3 1/2"" Golf Pencils",28.2720002233982
"Seth Thomas 16"" Steel Case Clock",28.2576007843018
"Eldon Image Series Desk Accessories, Burgundy",28.2568000555038
Avery 506,28.1665997505188
Xerox 1899,28.0908005237579
Magna Visual Magnetic Picture Hangers,28.0523998737335
Xerox 223,27.993599653244
Manco Dry-Lighter Erasable Highlighter,27.9679993391037
Xerox 1963,27.7200000286102
DAX Clear Channel Poster Frame,27.7019996643066
"Ultra Door Kickplate, 8""H x 34""W",27.6919994354248
Avery 500,27.4856004714966
Fiskars Home & Office Scissors,27.3503994941711
Seidio BD2-HK3IPH5-BK DILEX Case and Holster Combo for Apple iPhone 5/5s - Black,27.288800239563
O'Sullivan Cherrywood Estates Traditional Bookcase,27.1936006546021
Xerox 1897,27.0912008285522
Prang Drawing Pencil Set,27.0771999359131
Wilson Jones Standard D-Ring Binders,26.9191997051239
Xerox 1974,26.9100008010864
"Binney & Smith Crayola Metallic Colored Pencils, 8-Color Set",26.8540005683899
Newell 341,26.8355993628502
DIXON Ticonderoga Erasable Checking Pencils,26.7839994430542
OIC Stacking Trays,26.7200002670288
Peel & Seel Envelopes,26.5392007827759
Cardinal EasyOpen D-Ring Binders,26.5060029029846
Acme Preferred Stainless Steel Scissors,26.3552000522614
Panasonic KP-350BK Electric Pencil Sharpener with Auto Stop,26.2808003425598
Acme Office Executive Series Stainless Steel Trimmers,26.2241996526718
"6"" Cubicle Wall Clock, Black",26.2115998268127
"DAX Metal Frame, Desktop, Stepped-Edge",26.1095995903015
Global Enterprise Series Seating Low-Back Swivel/Tilt Chairs,25.8980007171631
Array Memo Cubes,25.8482005596161
Ampad #10 Peel & Seel Holiday Envelopes,25.8047995567322
G.E. Longer-Life Indoor Recessed Floodlight Bulbs,25.763200044632
Spiral Phone Message Books with Labels by Adams,25.7600002288818
Xerox 1965,25.7140002250671
Acco Hot Clips Clips to Go,25.4975001811981
Wilson Jones Leather-Like Binders with DublLock Round Rings,25.4915990829468
Advantus Panel Wall Acrylic Frame,25.1620008945465
#6 3/4 Gummed Flap White Envelopes,24.9480006694794
Ideal Clamps,24.8637000322342
"Memorex 25GB 6X Branded Blu-Ray Recordable Disc, 15/Pack",24.8054000735283
Xerox 1924,24.7384006977081
KeyTronic KT400U2 - Keyboard - Black,24.6719999313354
"Crayola Anti Dust Chalk, 12/Pack",24.6609996557236
Avery 511,24.6400001049042
Presstex Flexible Ring Binders,24.570000231266
"Vtech AT&T CL2940 Corded Speakerphone, Black",24.2919006347656
"Sauder Camden County Barrister Bookcase, Planked Cherry Finish",24.1960010528564
Bush Mission Pointe Library,24.1567993164063
Space Solutions HD Industrial Steel Shelving.,24.1436967849731
"Message Book, Standard Line ""While You Were Out"", 5 1/2"" X 4"", 200 Sets/Book",24.1392002105713
Convenience Packs of Business Envelopes,24.1091997027397
Xerox 208,24.1055994033813
Staple remover,24.0677991360426
Acme Design Stainless Steel Bent Scissors,24.0084002017975
Avery 494,23.9597999453545
Tuff Stuff Recycled Round Ring Binders,23.9553995132446
Xerox 206,23.8463995456696
Wilson Jones Impact Binders,23.724399805069
Newell 31,23.6236000061035
"C-Line Cubicle Keepers Polyproplyene Holder w/Velcro Back, 8-1/2x11, 25/Bx",23.5382041931152
Avery 493,23.4207000732422
Eldon Expressions Mahogany Wood Desk Collection,23.3999996185303
Avery 501,23.3945996761322
"Executive Impressions 12"" Wall Clock",23.3243999481201
Newell 35,23.2880001068115
"Tenex Personal Filing Tote With Secure Closure Lid, Black/Frost",23.2649997472763
Imation 8gb Micro Traveldrive Usb 2.0 Flash Drive,23.2499990463257
Anker 36W 4-Port USB Wall Charger Travel Power Adapter for iPhone 5s 5c 5,23.1883988380432
Avery 488,23.1839995384216
Xerox 1950,23.1778004169464
"Recycled Interoffice Envelopes with Re-Use-A-Seal Closure, 10 x 13",23.0445003509521
Acco 6 Outlet Guardian Standard Surge Suppressor,22.9709992408752
Avery 496,22.9500000476837
Pressboard Data Binders by Wilson Jones,22.9086003303528
Cardinal Holdit Business Card Pockets,22.907999753952
G.E. Halogen Desk Lamp Bulbs,22.8943996429443
Avery 514,22.83840072155
Wausau Papers Astrobrights Colored Envelopes,22.7837996482849
"1/4 Fold Party Design Invitations & White Envelopes, 24 8-1/2"" X 11"" Cards, 25 Env./Pack",22.7114993333817
Xerox 1927,22.6840001344681
Pyle PRT45 Retro Home Telephone,22.676399230957
Bulldog Table or Wall-Mount Pencil Sharpener,22.5823001861572
Xerox 1896,22.477499961853
"Important Message Pads, 50 4-1/4 x 5-1/2 Forms per Pad",22.4700005054474
Avery 492,22.4640001058578
Fluorescent Highlighters by Dixon,22.4471995830536
Lenovo 17-Key USB Numeric Keypad,22.4333996772766
Smead Alpha-Z Color-Coded Second Alphabetical Labels and Starter Set,22.4223998785019
Xerox 218,22.2911996841431
Newell 351,22.1072001457214
"Westinghouse Mesh Shade Clip-On Gooseneck Lamp, Black",22.0583996772766
Avery 520,22.0499994158745
"Telephone Message Books with Fax/Mobile Section, 4 1/4"" x 6""",21.9599995613098
Avery Hanging File Binders,21.8868007659912
Fellowes Presentation Covers for Comb Binding Machines,21.8250007629395
Xerox 215,21.7727994918823
"Eldon Expressions Punched Metal & Wood Desk Accessories, Pewter & Cherry",21.7056000232697
Recycled Easel Ring Binders,21.6339998245239
EcoTones Memo Sheets,21.599999666214
Logitech VX Revolution Cordless Laser Mouse for Notebooks (Black),21.5988006591797
Staple-on labels,21.5882997512817
Ibico Plastic and Wire Spiral Binding Combs,21.5808005332947
Akro-Mils 12-Gallon Tote,21.5480999946594
"Executive Impressions 13-1/2"" Indoor/Outdoor Wall Clock",21.3179998397827
Acme Elite Stainless Steel Scissors,21.016800224781
2300 Heavy-Duty Transfer File Systems by Perma,20.9831999540329
Microsoft Natural Keyboard Elite,20.9579977989197
"Bravo II Megaboss 12-Amp Hard Body Upright, Replacement Belts, 2 Belts per Pack",20.8325001299381
"Black Print Carbonless 8 1/2"" x 8 1/4"" Rapid Memo Book",20.8208000659943
DAX Cubicle Frames - 8x10,20.7720003128052
"Sanford Colorific Colored Pencils, 12/Box",20.7360003590584
Zebra Zazzle Fluorescent Highlighters,20.6719999313354
"Eldon Expressions Punched Metal & Wood Desk Accessories, Black & Cherry",20.6359997987747
Advantus Map Pennant Flags and Round Head Tacks,20.5400002002716
Acme Value Line Scissors,20.4400005340576
"TOPS Voice Message Log Book, Flash Format",20.3727998733521
Acme Titanium Bonded Scissors,20.2300002574921
Advantus Push Pins,20.2086001634598
Stockwell Push Pins,20.0995997190475
"Dixon Ticonderoga Erasable Colored Pencil Set, 12-Color",20.0928001403809
Advantus T-Pin Paper Clips,20.0244002342224
Advantus SlideClip Paper Clips,19.7779998779297
Newell 328,19.7392001152039
"Acco PRESSTEX Data Binder with Storage Hooks, Light Blue, 9 1/2"" X 11""",19.6907997131348
Xerox 199,19.6880000829697
"Premium Writing Pencils, Soft, #2 by Central Association for the Blind",19.4296001493931
ACCOHIDE Binder by Acco,19.2871000766754
Boston 16701 Slimline Battery Pencil Sharpener,19.1279997825623
Colored Envelopes,19.0403997898102
Permanent Self-Adhesive File Folder Labels for Typewriters by Universal,19.0007997751236
Flexible Leather- Look Classic Collection Ring Binder,18.9400014877319
Avery 517,18.8559004068375
Newell 333,18.8484001755714
Xerox 1953,18.8319998979568
Prang Dustless Chalk Sticks,18.8159995675087
"While You Were Out Pads, 50 per Pad, 4 x 5 1/4, Green Cycle",18.7780995368958
Avery 491,18.6676000356674
GBC VeloBind Cover Sets,18.528000831604
"Executive Impressions 8-1/2"" Career Panel/Partition Cubicle Clock",18.5120000839233
"Acco Pressboard Covers with Storage Hooks, 14 7/8"" x 11"", Light Blue",18.4124979972839
"GBC Laser Imprintable Binding System Covers, Desert Sand",18.4083008766174
Nontoxic Chalk,18.2335999011993
Prestige Round Ring Binders,18.0576001405716
"Acco Banker's Clasps, 5 3/4""-Long",18.0000001788139
Griffin GC36547 PowerJolt SE Lightning Charger,17.9920001029968
"Sanford Colorific Eraseable Coloring Pencils, 12 Count",17.8760002851486
Samsung Replacement EH64AVFWE Premium Headset,17.875
Newell 314,17.8560000061989
"Boston 1827 Commercial Additional Cutter, Drive Gear & Gear Rack for 1606",17.8469996452332
Belkin 7 Outlet SurgeMaster Surge Protector with Phone Protection,17.7660007476807
Barrel Sharpener,17.6357998847961
Imation Swivel Flash Drive USB flash drive - 8 GB,17.6235002279282
Bionaire 99.97% HEPA Air Cleaner,17.5200004577637
iHome FM Clock Radio with Lightning Dock,17.497499704361
PayAnywhere Card Reader,17.4825001358986
Xerox 1921,17.4824995994568
"Eldon Delta Triangular Chair Mat, 52"" x 58"", Clear",17.4478013515472
Xerox 1972,17.4240000247955
Stackable Trays,17.1247999668121
Eldon Image Series Black Desk Accessories,17.0567998886108
"Dixon My First Ticonderoga Pencil, #2",17.0234997272491
"Perma STOR-ALL Hanging File Box, 13 1/8""W x 12 1/4""D x 10 1/2""H",16.8037999868393
"#10 Gummed Flap White Envelopes, 100/Box",16.76779961586
Avery Binding System Hidden Tab Executive Style Index Sets,16.7330002784729
3-ring staple pack,16.6944000720978
Xerox 207,16.5887994766235
Acco Perma 3000 Stacking Storage Drawers,16.5742001533508
Xerox 1926,16.3841991424561
"Adams Write n' Stick Phone Message Book, 11"" X 5 1/4"", 200 Messages",16.3583993911743
Xerox 1998,16.3295998573303
Boston 16765 Mini Stand Up Battery Pencil Sharpener,16.3239998817444
Acco Translucent Poly Ring Binders,16.2863998413086
Kingston Digital DataTraveler 64GB USB 2.0,16.2143993377686
"Verbatim Slim CD and DVD Storage Cases, 50/Pack",16.1559996604919
Belkin QODE FastFit Bluetooth Keyboard,16.1070022583008
Document Clip Frames,16.0127997398376
Cisco SPA 501G IP Phone,16.0109996795654
"Hunt BOSTON Vista Battery-Operated Pencil Sharpener, Black",15.8576002120972
First Data FD10 PIN Pad,15.8000011444092
Newell 350,15.7440000772476
"Ampad Poly Cover Wirebound Steno Book, 6"" x 9"" Assorted Colors, Gregg Ruled",15.6630001068115
Rogers Handheld Barrel Pencil Sharpener,15.6179995536804
"Black Avery Memo-Size 3-Ring Binder, 5 1/2"" x 8 1/2""",15.5607998371124
Xerox 1958,15.5519995689392
Wilson Jones DublLock D-Ring Binders,15.5249999761581
Newell 332,15.5232001543045
Xerox 1980,15.407999753952
Dax Clear Box Frame,15.3647997379303
"Barricks Non-Folding Utility Table with Steel Legs, Laminate Tops",15.3521995544434
Avery 498,15.3458995819092
Binder Clips by OIC,15.3327996730804
Wilson Jones data.warehouse D-Ring Binders with DublLock,15.307799577713
Regeneration Desk Collection,15.2063999176025
"C-Line Peel & Stick Add-On Filing Pockets, 8-3/4 x 5-1/8, 10/Pack",15.0968995094299
Hammermill CopyPlus Copy Paper (20Lb. and 84 Bright),15.0894002914429
Durable Pressboard Binders,15.0860004425049
Ibico Presentation Index for Binding Systems,15.0842003822327
Global Chrome Stack Chair,15.0831985473633
"Atlantic Metals Mobile 5-Shelf Bookcases, Custom Colors",15.0490036010742
Letter or Legal Size Expandable Poly String Tie Envelopes,15.0024001598358
JBL Micro Wireless Portable Bluetooth Speaker,14.9974989891052
SanDisk Cruzer 16 GB USB Flash Drive,14.9240002036095
SAFCO Optional Arm Kit for Workspace Cribbage Stacking Chair,14.9183999300003
Avery Hole Reinforcements,14.8274002075195
Avery Poly Binder Pockets,14.7496001720428
Xerox 1983,14.6510004997253
Newell 331,14.6211003065109
"Sanford Colorific Scented Colored Pencils, 12/Pack",14.5948002338409
"Master Caster Door Stop, Large Brown",14.5599999427795
"GE General Purpose, Extra Long Life, Showcase & Floodlight Incandescent Bulbs",14.5499999523163
Newell 318,14.4004001021385
Newell 321,14.3664000034332
GBC Durable Plastic Covers,14.3190002441406
"Safco Wire Cube Shelving System, For Use as 4 or 5 14"" Cubes, Black",14.3010001182556
"Wirebound Message Forms, Four 2 3/4 x 5 Forms per Page, Pink Paper",14.2975001335144
"Master Caster Door Stop, Gray",14.2240003347397
American Pencil,14.1897002458572
Faber Castell Col-Erase Pencils,14.0831999778748
Anker 24W Portable Micro USB Car Charger,14.0671997070313
Xerox 190,14.0436000823975
Avery 509,14.041799902916
RCA ViSYS 25423RE1 Corded phone,13.9986000061035
Avery Durable Binders,13.8240003585815
Newell 336,13.7815996408463
Recycled Pressboard Report Cover with Reinforced Top Hinge,13.7598004341125
Newell 343,13.7592002153397
Eldon Pizzaz Desk Accessories,13.7367998361588
Xerox 1990,13.7279996871948
"GBC Clear Cover, 8-1/2 x 11, unpunched, 25 covers per pack",13.6439990997314
"Avery Durable Slant Ring Binders, No Labels",13.611599445343
"Sanford Uni-Blazer View Highlighters, Chisel Tip, Yellow",13.5520003437996
Hammermill Color Copier Paper (28Lb. and 96 Bright),13.4865002632141
"Binney & Smith inkTank Desk Highlighter, Chisel Tip, Yellow, 12/Box",13.4589997529984
Fiskars Spring-Action Scissors,13.4207999110222
Southworth 25% Cotton Granite Paper & Envelopes,13.2108001708984
"Acco Pressboard Covers with Storage Hooks, 14 7/8"" x 11"", Dark Blue",13.1826000213623
Newell 317,13.1712001562119
Boston 16750 Black Compact Battery Pencil Sharpener,13.125
"Eldon Regeneration Recycled Desk Accessories, Black",13.1163997650146
"Eldon 300 Class Desk Accessories, Black",13.0680003166199
Newell 311,13.0389998853207
"SKILCRAFT Telephone Shoulder Rest, 2"" x 6.5"" x 2.5"", Black",13.006400346756
Belkin Grip Candy Sheer Case / Cover for iPhone 5 and 5S,12.9943997859955
Wilson Jones International Size A4 Ring Binders,12.8019995689392
"Eureka Sanitaire  Multi-Pro Heavy-Duty Upright, Disposable Bags",12.7603995800018
Xerox 1976,12.7007999420166
Blackstonian Pencils,12.6024001836777
Cardinal Poly Pocket Divider Pockets for Ring Binders,12.5999997854233
Avery Durable Slant Ring Binders With Label Holder,12.4564003944397
Acme Stainless Steel Office Snips,12.4316999912262
Avery Round Ring Poly Binders,12.2971999645233
Rediform Voice Mail Log Books,12.1584000587463
Hon Every-Day Chair Series Swivel Task Chairs,12.0980005264282
Decoflex Hanging Personal Folder File,12.0276002883911
NETGEAR RangeMax WNR1000 Wireless Router,11.9952001571655
Newell 32,11.980799973011
Zipper Ring Binder Pockets,11.731200158596
"Verbatim 25 GB 6x Blu-ray Single Layer Recordable Disc, 1/Pack",11.4729998111725
Storex DuraTech Recycled Plastic Frosted Binders,11.4480001926422
Disposable Triple-Filter Dust Bags,11.3619999885559
Colorific Watercolor Pencils,11.3004002571106
"Ampad Evidence Wirebond Steno Books, 6"" x 9""",11.2924002408981
Avery 497,11.2111997008324
Square Credit Card Reader,11.1887993216515
Acme Kleen Earth Office Shears,11.1744003295898
Newell 330,11.1228002309799
Jiffy Padded Mailers with Self-Seal Closure,10.8053998947144
Newell 327,10.7405997514725
"Binney & Smith inkTank Erasable Pocket Highlighter, Chisel Tip, Yellow",10.6704000234604
Turquoise Lead Holder with Pocket Clip,10.5859998464584
"""While you Were Out"" Message Book, One Form per Page",10.3880000114441
Jabra SPEAK 410 Multidevice Speakerphone,10.2994995117188
"Acme Design Line 8"" Stainless Steel Bent Scissors w/Champagne Handles, 3-1/8"" Cut",10.1915998458862
"Holmes Visible Mist Ultrasonic Humidifier with 2.3-Gallon Output per Day, Replacement Filter",10.1879997253418
3M Organizer Strips,10.1519994735718
"Eldon Expressions Wood Desk Accessories, Oak",10.1105986833572
"SmartStand Mobile Device Holder, Assorted Colors",10.0656000375748
Newell 349,10.0368000268936
Newell 335,10.022400021553
Avery Binder Labels,9.88060027360916
Economy Binders,9.79680037498474
Rediform S.O.S. Phone Message Books,9.7608003616333
Newell 348,9.70879995822906
"Avery Hi-Liter GlideStik Fluorescent Highlighter, Yellow Ink",9.64959979057312
Sanford Pocket Accent Highlighters,9.63200008869171
Acco Glide Clips,9.60400009155273
Micro Innovations Wireless Classic Keyboard with Mouse,9.59680008888245
Ultra Commercial Grade Dual Valve Door Closer,9.57359981536865
"Avery 05222 Permanent Self-Adhesive File Folder Labels for Typewriters, on Rolls, White, 250/Roll",9.49899983406067
Newell 320,9.45879995822906
Avery Fluorescent Highlighter Four-Color Set,9.35199987888336
Stacking Trays by OIC,9.31259977817535
"Eldon Spacemaker Box, Quick-Snap Lid, Clear",9.2852001786232
Dixon Ticonderoga Pencils,9.26780000329018
Xerox 1985,9.07200002670288
Heavy-Duty E-Z-D Binders,9.05529880523682
Economy #2 Pencils,8.99080014228821
Self-Adhesive Address Labels for Typewriters with Dispenser Box,8.96670007705688
BIC Brite Liner Grip Highlighters,8.93799978494644
Assorted Color Push Pins,8.92329996824265
"Eldon Regeneration Recycled Desk Accessories, Smoke",8.90879997611046
Imation USB 2.0 Swivel Flash Drive USB flash drive - 4 GB - Pink,8.90820026397705
Tenex Chairmats For Use With Carpeted Floors,8.78900027275085
Imation 8GB Mini TravelDrive USB 2.0 Flash Drive,8.75510025024414
"Acco Recycled 2"" Capacity Laser Printer Hanging Data Binders",8.67000007629395
Avery 507,8.6399998664856
"Universal Recycled Hanging Pressboard Report Binders, Letter Size",8.63799977302551
DIXON Oriole Pencils,8.61719989776611
Newell 346,8.61120000481606
Loose Memo Sheets,8.57750010490417
Newell 344,8.56240019202232
Imation 30456 USB Flash Drive 8GB,8.5560000538826
GBC Standard Therm-A-Bind Covers,8.47279596328735
Newell 33,8.37000000476837
Unpadded Memo Slips,8.35799980163574
"Sanford EarthWrite Recycled Pencils, Medium Soft, #2",8.23200023174286
Acco Hanging Data Binders,8.22960031032562
Newell 316,8.21519994735718
"OIC #2 Pencils, Medium Soft",8.14039999246597
Avery 510,8.09999966621399
Newell 326,7.86719995737076
Binder Posts,7.80640029907227
DAX Wood Document Frame.,7.68880033493042
Colored Push Pins,7.60200011730194
Newell 340,7.51679992675781
Avery Hi-Liter Fluorescent Desk Style Markers,7.50359976291656
Newell 310,7.48000013828278
Col-Erase Pencils with Erasers,7.47839999198914
Acme Kleencut Forged Steel Scissors,7.46199989318848
"Acco Four Pocket Poly Ring Binder with Label Holder, Smoke, 1""",7.44999933242798
Portfile Personal File Boxes,7.43400025367737
Maxell 4.7GB DVD-R 5/Pack,7.36560013890266
Color-Coded Legal Exhibit Labels,7.21770000457764
"Pressboard Data Binder, Crimson, 12"" X 8 1/2""",7.15560007095337
"OIC Binder Clips, Mini, 1/4"" Capacity, Black",7.08039969205856
Avery 479,6.83819997310638
Tensor Brushed Steel Torchiere Floor Lamp,6.79599940776825
"Eldon Expressions Desk Accessory, Wood Pencil Holder, Oak",6.75499939918518
"Binney & Smith Crayola Metallic Crayons, 16-Color Pack",6.74000000953674
Newell 322,6.66120004653931
"Stride Job 150 Highlighters, Chisel Tip, Assorted Colors",6.45839977264404
"Eldon Imàge Series Desk Accessories, Clear",6.36660027503967
Newell 338,6.35040020942688
Xerox 1984,6.3503999710083
Belkin iPhone and iPad Lightning Cable,6.29579997062683
Avery 502,6.17400002479553
Lunatik TT5L-002 Taktik Strike Impact Protection System for iPhone 5,6.1230001449585
Newell 339,6.11600014567375
"Quartet Alpha White Chalk, 12/Pack",6.09960007667542
SpineVue Locking Slant-D Ring Binders by Cardinal,6.03239965438843
Eldon File Chest Portable File,5.95499992370605
Acco Perma 2700 Stacking Storage Drawers,5.94799995422363
Translucent Push Pins by OIC,5.84099996089935
"Binney & Smith inkTank Erasable Desk Highlighter, Chisel Tip, Yellow, 12/Box",5.74560010433197
"SlimView Poly Binder, 3/8""",5.69800066947937
Xerox 1969,5.66440010070801
"Universal Ultra Bright White Copier/Laser Paper, 8 1/2"" x 11"", Ream",5.63759994506836
Wilson Jones Easy Flow II Sheet Lifters,5.61599975824356
SanDisk Cruzer 4 GB USB Flash Drive,5.5164999961853
Avery 482,5.4332001209259
Wilson Jones Four-Pocket Poly Binders,5.42820024490356
Kingston Digital DataTraveler 32GB USB 2.0,5.42400002479553
"Cardinal Slant-D Ring Binder, Heavy Gauge Vinyl",5.3878002166748
Xerox 1901,5.28000020980835
Sony 16GB Class 10 Micro SDHC R40 Memory Card,5.1560001373291
OIC Thumb-Tacks,5.14139986038208
Belkin Standard 104 key USB Keyboard,5.10650008916855
Wilson Jones Suede Grain Vinyl Binders,5.05960011482239
GBC Standard Plastic Binding Systems' Combs,5.02399969100952
Wirebound Voice Message Log Book,4.95039999485016
"Dixon Ticonderoga Maple Cedar Pencil, #2",4.91200003027916
Newell 329,4.85439991950989
Contemporary Wood/Metal Frame,4.84800100326538
Rogers Profile Extra Capacity Storage Tub,4.68720006942749
Maxell 4.7GB DVD+R 5/Pack,4.60350000858307
Boston 1900 Electric Pencil Sharpener,4.49399995803833
SANFORD Liquid Accent Tank-Style Highlighters,4.40200001001358
"Cardinal HOLDit! Binder Insert Strips,Extra Strips",4.36770129203796
Xerox 1922,4.33260011672974
Peel & Stick Add-On Corner Pockets,4.3199999332428
Newell 313,4.26400002837181
Cush Cases Heavy Duty Rugged Cover Case for Samsung Galaxy S5 - Purple,3.91050010919571
Pencil and Crayon Sharpener,3.76680000126362
Newell 323,3.76320004463196
Maxell CD-R Discs,3.70360001921654
OtterBox Defender Series Case - iPhone 5c,3.69799995422363
Eldon Jumbo ProFile Portable File Boxes Graphite/Black,3.67440009117126
Newell 3-Hole Punched Plastic Slotted Magazine Holders for Binders,3.65600037574768
Contemporary Borderless Frame,3.61620044708252
Memorex Mini Travel Drive 4 GB USB 2.0 Flash Drive,3.57419991493225
Newell 307,3.56719994544983
"Hoover Replacement Belts For Soft Guard & Commercial Ltweight Upright Vacs, 2/Pk",3.47600036859512
Ibico Recycled Grain-Textured Covers,3.45400047302246
Stockwell Gold Paper Clips,3.40400004386902
Avery 484,3.34080004692078
GBC Instant Report Kit,3.23499882221222
Avery Hi-Liter Pen Style Six-Color Fluorescent Set,3.15700006484985
"GE General Use Halogen Bulbs, 100 Watts, 1 Bulb per Pack",3.14099884033203
Xerox 20,3.11039996147156
"Avery Hi-Liter Comfort Grip Fluorescent Highlighter, Yellow Ink",3.04200005531311
12 Colored Short Pencils,3.01599994301796
Newell 342,2.853600025177
Avery 5,2.82240009307861
Belkin 7-Outlet SurgeMaster Home Series,2.7940000295639
4009 Highlighters,2.73359990119934
Xerox 1989,2.68919992446899
Plastic Stacking Crates & Casters,2.67840003967285
Woodgrain Magazine Files by Perma,2.62239992618561
RCA H5401RE1 DECT 6.0 4-Line Cordless Handset With Caller ID/Call Waiting,2.39969992637634
Grip Seal Envelopes,2.38680005073547
Self-Adhesive Ring Binder Labels,2.35839986801147
Design Ebony Sketching Pencil,2.30740004777908
Sannysis Cute Owl Design Soft Skin Case Cover for Samsung Galaxy S4,2.29680007696152
Kleencut Forged Office Shears by Acme United Corporation,2.28799998760223
Newell 308,2.09999996423721
"Tensor ""Hersey Kiss"" Styled Floor Lamp",2.07840037345886
Imation Clip USB flash drive - 8 GB,1.8800003528595
Wilson Jones Hanging Recycled Pressboard Data Binders,1.78079986572266
"Commercial WindTunnel Clean Air Upright Vacuum, Replacement Belts, Filtration Bags",1.63380002975464
Hoover Portapower Portable Vacuum,1.34399962425232
"Sanitaire Vibra Groomer IR Commercial Upright Vacuum, Replacement Belts",1.29999995231628
KeyTronic KT800P2 - Keyboard - Black,1.20159995555878
Newell 337,1.18079996109009
Acco Expandable Hanging Binders,1.02079963684082
Rosewill 107 Normal Keys USB Wired Standard Keyboard,0.808800101280212
Nu-Dell EZ-Mount Plastic Wall Frames,0.788000106811523
Alliance Rubber Bands,0.537599995732307
Hoover Replacement Belt for Commercial Guardsman Heavy-Duty Upright Vacuum,0.444000005722046
Sony 8GB Class 10 Micro SDHC R40 Memory Card,0.339899986982346
Bagged Rubber Bands,0.302400000393391
Letter Slitter,0.30239999294281
Global Super Steno Chair,4.29153442382813E-06
Premier Electric Letter Opener,1.9073486328125E-06
"Avery Trapezoid Extra Heavy Duty 4"" Binders",9.5367431640625E-07
"Alliance Big Bands Rubber Bands, 12/Pack",0
Belkin OmniView SE Rackmount Kit,0
HON 5400 Series Task Chairs for Big and Tall,-1.52587890625E-05
"Acco PRESSTEX Data Binder with Storage Hooks, Dark Blue, 9 1/2"" X 11""",-0.161399841308594
Rubber Band Ball,-0.299200043082237
"Brites Rubber Bands, 1 1/2 oz. Box",-0.514800027012825
Eldon Gobal File Keepers,-0.605599999427795
"Avery Framed View Binder, EZD Ring (Locking), Navy, 1 1/2""",-0.698599100112915
Round Ring Binders,-0.915199637413025
"Executive Impressions 16-1/2"" Circular Wall Clock",-1.06879997253418
SanDisk Cruzer 8 GB USB Flash Drive,-1.35839998722076
Acme Serrated Blade Letter Opener,-1.7490000128746
"Executive Impressions 14"" Contract Wall Clock with Quartz Movement",-1.77840042114258
Penpower WorldCard Pro Card Scanner,-1.82949995994568
Angle-D Ring Binders,-1.96920001506805
Storex Flexible Poly Binders with Double Pockets,-2.00639986991882
Computer Printout Index Tabs,-2.01599988341331
Kingston Digital DataTraveler 8GB USB 2.0,-2.0229999423027
PNY Rapid USB Car Charger - Black,-2.07739996910095
Avery Self-Adhesive Photo Pockets for Polaroid Photos,-2.17919933795929
"GBC Twin Loop Wire Binding Elements, 9/16"" Spine, Black",-2.28300046920776
Hoover Commercial Lightweight Upright Vacuum,-2.50559997558594
"Super Bands, 12/Pack",-2.60399988293648
"Stacking Tray, Side-Loading, Legal, Smoke",-2.86720037460327
GBC Standard Plastic Binding Systems Combs,-2.9205002784729
"Fellowes Twister Kit, Gray/Clear, 3/pkg",-3.21599936485291
Carina Double Wide Media Storage Towers in Natural & Black,-3.2392053604126
Plymouth Boxed Rubber Bands by Plymouth,-3.29699996113777
Acme Rosewood Handle Letter Opener,-3.49360010772943
Acco 6 Outlet Guardian Basic Surge Suppressor,-3.66079998016357
Sterling Rubber Bands by Alliance,-3.76799988746643
"Mead 1st Gear 2"" Zipper Binder, Asst. Colors",-3.89099979400635
Serrated Blade or Curved Handle Hand Letter Openers,-4.11339991539717
Fellowes Black Plastic Comb Bindings,-4.41560006141663
Eureka Disposable Bags for Sanitaire Vibra Groomer I Upright Vac,-4.46600008010864
Insertable Tab Indexes For Data Binders,-4.83359968662262
Eldon 100 Class Desk Accessories,-4.8528003692627
"Rogers Jumbo File, Granite",-4.88880002498627
Acco Suede Grain Vinyl Round Ring Binder,-4.89279979467392
"Avery Triangle Shaped Sheet Lifters, Black, 2/Pack",-4.91999971866608
UniKeep View Case Binders,-5.47680044174194
Revere Boxed Rubber Bands by Revere,-5.70780025422573
Acco Economy Flexible Poly Round Ring Binder,-5.74199986457825
Telescoping Adjustable Floor Lamp,-5.99700027704239
Tennsco Regal Shelving Units,-6.08460140228271
Sterilite Show Offs Storage Containers,-6.33599996566772
Plantronics MX500i Earset,-6.44249975681305
Akro Stacking Bins,-6.94320008158684
Avery Hidden Tab Dividers for Binding Systems,-7.03279995918274
Acco Smartsocket Color-Coded Six-Outlet AC Adapter Model Surge Protectors,-7.04160237312317
Safco Commercial Shelving,-7.44159960746765
"Eldon Expressions Desk Accessory, Wood Photo Frame, Mahogany",-7.61599838733673
Eldon Shelf Savers Cubes and Bins,-7.67800000309944
Acco Side-Punched Conventional Columnar Pads,-7.80749988555908
"Sauder Facets Collection Library, Sky Alder Finish",-8.54899978637695
"Wilson Jones 1"" Hanging DublLock Ring Binders",-8.55359888076782
"GBC Velobind Prepunched Cover Sets, Regency Series",-9.24500274658203
Hoover Commercial Lightweight Upright Vacuum with E-Z Empty Dirt Cup,-9.30320739746094
"Safco Value Mate Series Steel Bookcases, Baked Enamel Finish on Steel, Gray",-9.93720626831055
Shocksock Galaxy S4 Armband,-10.0739998519421
Pressboard Hanging Data Binders for Unburst Sheets,-10.1351993083954
"Alliance Super-Size Bands, Assorted Sizes",-10.3473996669054
Hoover Commercial Soft Guard Upright Vacuum And Disposable Filtration Bags,-10.4117994308472
Avaya 5410 Digital phone,-10.8784017562866
Dana Swing-Arm Lamps,-11.2139993906021
GBC Personal VeloBind Strips,-11.2611999511719
"Pressboard Covers with Storage Hooks, 9 1/2"" x 11"", Light Blue",-11.8822011947632
Gear Head AU3700S Headset,-11.9508002996445
iOttie HLCRIO102 Car Mount,-11.9940000772476
Case Logic 2.4GHz Wireless Keyboard,-11.9976019859314
"Lesro Sheffield Collection Coffee Table, End Table, Center Table, Corner Table",-12.1328983306885
O'Sullivan 5-Shelf Heavy-Duty Bookcases,-12.2910003662109
GBC Instant Index System for Binding Systems,-12.4319996833801
Cardinal Hold-It CD Pocket,-12.4487998485565
"Bush Saratoga Collection 5-Shelf Bookcase, Hanover Cherry, *Special Order",-12.6881999969482
Fellowes Bankers Box Stor/Drawer Steel Plus,-12.7920017242432
Martin-Yale Premier Letter Opener,-12.8799997866154
GBC ProClick Spines for 32-Hole Punch,-13.2818007469177
XtraLife ClearVue Slant-D Ring Binders by Cardinal,-13.3279991149902
Motorola L804,-13.3370990753174
"Acco Pressboard Covers with Storage Hooks, 14 7/8"" x 11"", Executive Red",-13.9064996242523
"Avery 3 1/2"" Diskette Storage Pages, 10/Pack",-14.407199382782
Dexim XPower Skin Super-Thin Power Case for iPhone 5 - Black,-14.6224975585938
ARKON Windshield Dashboard Air Vent Car Mount Holder,-15.5939998626709
Avery Durable Poly Binders,-15.5946004390717
Avery Reinforcements for Hole-Punch Pages,-16.1369996070862
"Electrix Incandescent Magnifying Lamp, Black",-16.4924993515015
Tripp Lite Isotel 8 Ultra 8 Outlet Metal Surge,-17.0328092575073
Anderson Hickey Conga Table Tops & Accessories,-17.5145003795624
Fellowes Neat Ideas Storage Cubes,-18.1887998580933
Speck Products Candyshell Flip Case,-18.1947999000549
GBC Wire Binding Strips,-18.4091992378235
Large Capacity Hanging Post Binders,-19.4610033035278
Logitech Keyboard K120,-19.6019992828369
Wilson Jones Custom Binder Spines & Labels,-19.692800283432
Accohide Poly Flexible Ring Binders,-19.8219997882843
"Bush Westfield Collection Bookcases, Medium Cherry Finish",-20.293000459671
3M Replacement Filter for Office Air Cleaner for 20' x 33' Room,-20.4767961502075
Space Solutions Industrial Galvanized Steel Shelving.,-20.4880001544952
Texas Instrument TI-15 Fraction Calculator,-20.5189990997314
Cyber Acoustics AC-202b Speech Recognition Stereo Headset,-20.5242002904415
"Global Armless Task Chair, Royal Blue",-20.7332010269165
Plantronics Single Ear Headset,-21.9449996948242
Stiletto Hand Letter Openers,-21.9839995503426
Panasonic KX MC6040 Color Laser Multifunction Printer,-22.4974975585938
Avery Durable Slant Ring Binders,-23.7599999904633
GBC VeloBinder Strips,-23.8080005645752
Anker Astro 15000mAh USB Portable Charger,-23.9952013492584
"SAFCO Commercial Wire Shelving, 72h",-24.496000289917
"Tennsco Lockers, Gray",-26.4348011016846
"Hon Metal Bookcases, Black",-26.9723949432373
"GBC Standard Recycled Report Covers, Clear Plastic Sheets",-27.1655983924866
Fellowes Bankers Box Recycled Super Stor/Drawer,-30.2287998199463
Macally Suction Cup Mount,-31.0700006484985
Samsung Convoy 3,-31.0771980285645
Anker Astro Mini 3000mAh Ultra-Compact Portable Charger,-31.9839992523193
"Memorex 25GB 6X Branded Blu-Ray Recordable Disc, 30/Pack",-32.269499540329
Novimex Turbo Task Chair,-32.6508011817932
Rogers Deluxe File Chest,-34.7283992767334
Hon Comfortask Task/Swivel Chairs,-36.473602771759
"Tennsco Stur-D-Stor Boltless Shelving, 5 Shelves, 24"" Deep, Sand",-36.5337026119232
Kensington 6 Outlet SmartSocket Surge Protector,-36.8819961547852
Mediabridge Sport Armband iPhone 5s,-38.9610008001328
Bevis Round Conference Room Tables and Bases,-39.4437983036041
Insertable Tab Post Binder Dividers,-39.6989991664886
36X48 HARDFLOOR CHAIRMAT,-40.4913997650146
"Tenex ""The Solids"" Textured Chair Mats",-40.5767967700958
Office Star - Ergonomically Designed Knee Chair,-42.1096014976501
Eldon Cleatmat Chair Mats for Medium Pile Carpets,-42.1799964904785
"Iris 3-Drawer Stacking Bin, Black",-43.4512002468109
"Tenex Traditional Chairmats for Hard Floors, Average Lip, 36"" x 48""",-46.4040012359619
"Belkin 19"" Center-Weighted Shelf, Gray",-47.1840009689331
SanDisk Ultra 16 GB MicroSDHC Class 10 Memory Card,-48.5826009511948
Tennsco Commercial Shelving,-48.6125992685556
Eldon Advantage Foldable Chair Mats for Low Pile Carpets,-48.7800025939941
Hon Deluxe Fabric Upholstered Stacking Chairs,-48.7959995269775
Clearsounds A400,-48.8325986862183
iOttie XL Car Mount,-50.3747997283936
"Eldon Base for stackable storage shelf, platinum",-52.5690026283264
Cisco CP-7937G Unified IP Conference Station Phone,-55.6559982299805
OtterBox Commuter Series Case - Samsung Galaxy S4,-55.9775996208191
Fellowes Econo/Stor Drawers,-56.2193975448608
Bush Somerset Collection Bookcase,-56.3213977813721
Compact Automatic Electric Letter Opener,-57.268798828125
"Contico 72""H Heavy-Duty Storage System",-57.3719997406006
V7 USB Numeric Keypad,-58.7831997871399
i.Sound Portable Power - 8000 mAh,-58.8188998103142
"Gould Plastics 9-Pocket Panel Bin, 18-3/8w x 5-1/4d x 20-1/2h, Black",-63.5879998207092
"Office Impressions End Table, 20-1/2""H x 24""W x 20""D",-66.8272094726563
"O'Sullivan Elevations Bookcase, Cherry Finish",-68.1095995903015
GBC Plasticlear Binding Covers,-68.4207987785339
"Carina Mini System Audio Rack, Model AR050B",-68.8076000213623
Avery Recycled Flexi-View Covers for Binding Systems,-69.5702018737793
"Sauder Forest Hills Library, Woodland Oak Finish",-70.4900054931641
Rush Hierlooms Collection Rich Wood Bookcases,-70.8311977386475
Hewlett-Packard Deskjet F4180 All-in-One Color Ink-jet - Printer / copier / scanner,-71.3957977294922
Space Solutions Commercial Steel Shelving,-74.3474979400635
Fellowes Command Center 5-outlet power strip,-78.0160007476807
Sensible Storage WireTech Storage Systems,-78.077996969223
"Sauder Camden County Collection Libraries, Planked Cherry Finish",-78.1864032745361
O'Sullivan Cherrywood Estates Traditional Barrister Bookcase,-78.363597869873
Eldon Executive Woodline II Cherry Finish Desk Accessories,-78.5087985992432
O'Sullivan Living Dimensions 2-Shelf Bookcases,-78.636999130249
"Global Task Chair, Black",-80.4061994552612
Sauder Cornerstone Collection Library,-81.1675987243652
"Wilson Jones Elliptical Ring 3 1/2"" Capacity Binders, 800 sheets",-82.1760025024414
GBC Linen Binding Covers,-82.4068012237549
Motorola HK250 Universal Bluetooth Headset,-91.5001990795135
"Bush Westfield Collection Bookcases, Dark Cherry Finish",-97.4064054489136
Acco D-Ring Binder w/DublLock,-102.837800979614
Sauder Camden County Collection Library,-103.481998443604
Safco Industrial Shelving,-104.128497362137
"Barricks 18"" x 48"" Non-Folding Utility Table with Bottom Storage Shelf",-104.832004070282
Tennsco Industrial Shelving,-108.580197572708
"Carina 42""Hx23 3/4""W Media Storage Unit",-110.13279747963
Eldon Cleatmat Plus Chair Mats for High Pile Carpets,-111.328004837036
"Atlantic Metals Mobile 2-Shelf Bookcases, Custom Colors",-113.260603904724
Acco 6 Outlet Guardian Premium Plus Surge Suppressor,-113.767198562622
"Global Leather & Oak Executive Chair, Burgundy",-114.676403045654
Hon 2111 Invitation Series Straight Table,-115.307403326035
"Bush Birmingham Collection Bookcase, Dark Cherry",-117.88200378418
Cisco IP Phone 7961G-GE VoIP phone,-119.118995666504
Belkin F9S820V06 8 Outlet Surge,-120.176000595093
Carina Media Storage Towers in Natural & Black,-121.960000753403
"Deflect-o EconoMat Studded, No Bevel Mat for Low Pile Carpeting",-125.199600219727
"Sauder Mission Library with Doors, Fruitwood Finish",-125.740801811218
"Atlantic Metals Mobile 4-Shelf Bookcases, Custom Colors",-126.441017150879
Safco Industrial Wire Shelving,-126.706798553467
Samsung Galaxy Note 2,-128.797210693359
Tenex Chairmats For Use with Hard Floors,-129.919996976852
Office Star - Mesh Screen back chair with Vinyl seat,-130.980002522469
Novimex Fabric Task Chair,-131.107003211975
O'Sullivan 2-Shelf Heavy-Duty Bookcases,-133.109201192856
Novimex High-Tech Fabric Mesh Task Chair,-133.442399501801
"Bush Andora Conference Table, Maple/Graphite Gray Finish",-143.623202323914
Hon 61000 Series Interactive Training Tables,-148.396200537682
Global Deluxe High-Back Office Chair in Storm,-149.589004516602
"Office Star - Contemporary Task Swivel chair with 2-way adjustable arms, Plum",-158.485794067383
Bevis 44 x 96 Conference Tables,-164.720016479492
Cisco 8961 IP Phone Charcoal,-164.953796386719
"Global Geo Office Task Chair, Gray",-166.009007453918
Office Impressions Heavy Duty Welded Shelving & Multimedia Storage Drawers,-167.270004272461
O'Sullivan Living Dimensions 3-Shelf Bookcases,-170.832988739014
Epson Perfection V600 Photo Scanner,-172.492492675781
"Gould Plastics 18-Pocket Panel Bin, 34w x 5-1/4d x 20-1/2h",-172.941200017929
"Rubbermaid ClusterMat Chairmats, Mat Size- 66"" x 60"", Lip 20"" x 11"" -90 Degree Angle",-173.128810882568
Honeywell Enviracaire Portable Air Cleaner for up to 8 x 10 Room,-177.223194122314
"Hon 30"" x 60"" Table with Locking Drawer",-177.351202011108
"Belkin 19"" Vented Equipment Shelf, Black",-179.665202021599
Chromcraft Round Conference Tables,-189.976104736328
"Bush Westfield Collection Bookcases, Dark Cherry Finish, Fully Assembled",-190.852203369141
Hon 4-Shelf Metal Bookcases,-191.862016677856
"Bevis Round Bullnose 29"" High Table Top",-192.185398101807
High-Back Leather Manager's Chair,-197.584794998169
"Premier Elliptical Ring Binder, Black",-201.512809753418
Laminate Occasional Tables,-206.534194946289
"Bush Heritage Pine Collection 5-Shelf Bookcase, Albany Pine Finish, *Special Order",-208.650405883789
LG Exalt,-212.14640045166
Balt Solid Wood Rectangular Table,-216.254505157471
Global Deluxe Steno Chair,-216.313794136047
Safco Industrial Wire Shelving System,-218.352001190186
"Tenex Carpeted, Granite-Look or Clear Contemporary Contour Shape Chair Mats",-222.73649930954
Office Star Flex Back Scooter Chair with White Frame,-228.618797302246
Hon 5100 Series Wood Tables,-238.603597640991
Catalog Binders with Expanding Posts,-242.207988739014
Global Low Back Tilter Chair,-246.391199111938
KI Adjustable-Height Table,-248.48219871521
Okidata B401 Printer,-251.987396240234
Xerox WorkCentre 6505DN Laser Multifunction Printer,-251.995803833008
Eldon ClusterMat Chair Mat with Cordless Antistatic Protection,-256.56360244751
High Speed Automatic Electric Letter Opener,-262.004791259766
"Eldon ""L"" Workstation Diamond Chairmat",-267.449607849121
O'Sullivan Manor Hill 2-Door Library in Brianna Oak,-285.948401451111
Okidata C610n Printer,-292.04998588562
Sauder Barrister Bookcases,-294.767197608948
Hon Rectangular Conference Tables,-295.815006256104
Ibico Hi-Tech Manual Binding System,-304.989990234375
"Brother MFC-9340CDW LED All-In-One Printer, Copier Scanner",-319.191589355469
Euro Pro Shark Stick Mini Vacuum,-325.633192300797
Bretford Rectangular Conference Table Tops,-327.233106613159
"Lesro Round Back Collection Coffee Table, End Table",-328.589992523193
Fellowes Officeware Wire Shelving,-332.370998382568
Jawbone MINI JAMBOX Wireless Bluetooth Speaker,-339.710389137268
"Deflect-o RollaMat Studded, Beveled Mat for Medium Pile Carpeting",-343.095593929291
Balt Split Level Computer Training Table,-357.974992752075
LG G2,-374.992492675781
"Iceberg OfficeWorks 42"" Round Tables",-392.547973632813
Hon 2111 Invitation Series Corner Table,-401.990409851074
"Chromcraft 48"" x 96"" Racetrack Double Pedestal Table",-404.006362915039
GBC VeloBinder Electric Binding Machine,-411.331985473633
Riverside Furniture Stanwyck Manor Table Series,-415.932502746582
"Sauder Forest Hills Library with Doors, Woodland Oak Finish",-418.548007011414
Premier Automatic Letter Opener,-427.858597278595
Okidata MB491 Multifunction Printer,-434.130020141602
Novimex Swivel Fabric Task Chair,-445.391006469727
Bevis Boat-Shaped Conference Table,-445.586999893188
Swingline SM12-08 MicroCut Jam Free Shredder,-447.988800048828
Chromcraft Rectangular Conference Tables,-450.242990493774
"Bevis Traditional Conference Table Top, Plinth Base",-456.703201293945
Global Enterprise Series Seating High-Back Swivel/Tilt Chairs,-460.666007995605
GBC ProClick 150 Presentation Binding System,-461.330825805664
"3D Systems Cube Printer, 2nd Generation, White",-467.996406555176
SAFCO Boltless Steel Shelving,-470.469611644745
"Global High-Back Leather Tilter, Burgundy",-474.741403341293
KI Conference Tables,-479.216407775879
"Office Star - Contemporary Task Swivel chair with Loop Arms, Charcoal",-491.175007820129
"Global Wood Trimmed Manager's Task Chair, Khaki",-503.119398117065
Lexmark MarkNet N8150 Wireless Print Server,-506.457000732422
"Bevis Round Conference Table Top, X-Base",-519.94100189209
"Tenex Chairmat w/ Average Lip, 45"" x 53""",-529.759994506836
Tenex Antistatic Computer Chair Mats,-530.038009643555
Bretford CR4500 Series Slim Rectangular Table,-532.761295318604
Bevis Rectangular Conference Tables,-586.839599609375
Hon Racetrack Conference Tables,-598.522818803787
"Chromcraft Bull-Nose Wood 48"" x 96"" Rectangular Conference Tables",-611.587818145752
Bestar Classic Bookcase,-612.938691139221
"SAFCO Commercial Wire Shelving, Black",-635.444011688232
"Riverside Palais Royal Lawyers Bookcase, Royale Cherry Finish",-669.544830322266
Hon 94000 Series Round Tables,-681.214027404785
BoxOffice By Design Rectangular and Half-Moon Meeting Room Tables,-728.4375
O'Sullivan Living Dimensions 5-Shelf Bookcases,-755.751602172852
O'Sullivan Plantations 2-Door Library in Landvery Oak,-767.743591308594
StarTech.com 10/100 VDSL2 Ethernet Extender Kit,-785.762020111084
BPI Conference Tables,-795.972503662109
Tennsco Single-Tier Lockers,-825.748001098633
"Bevis Oval Conference Table, Walnut",-856.014368057251
3.6 Cubic Foot Counter Height Office Refrigerator,-872.075241088867
Zebra GK420t Direct Thermal/Thermal Transfer Printer,-938.280029296875
Bretford “Just In Time” Height-Adjustable Multi-Task Work Tables,-964.193977355957
O'Sullivan 4-Shelf Bookcase in Odessa Pine,-975.098788261414
Hon 2090 “Pillow Soft” Series Mid Back Swivel/Tilt Chairs,-989.049583435059
Epson TM-T88V Direct Thermal Printer - Monochrome - Desktop,-1057.22997283936
"Riverside Furniture Oval Coffee Table, Oval End Table, End Table with Drawer",-1147.39999961853
Balt Solid Wood Round Tables,-1201.05808258057
Martin Yale Chadless Opener Electric Letter Opener,-1299.18360137939
Cisco TelePresence System EX90 Videoconferencing Unit,-1811.07836914063
GBC DocuBind P400 Electric Binding System,-1878.16625976563
Bush Advantage Collection Racetrack Conference Table,-1934.39758300781
Chromcraft Bull-Nose Wood Oval Conference Tables & Bases,-2876.11560821533
Cubify CubeX 3D Printer Triple Head Print,-3839.99047851563
Lexmark MX611dhe Monochrome Laser Printer,-4589.97296142578
Cubify CubeX 3D Printer Double Head Print,-8879.9704284668
